Name,Row,Column,Label
G0258570.JPG,260,389,Frame
G0258570.JPG,353,530,Frame
G0258570.JPG,348,619,Frame
G0258570.JPG,293,841,Frame
G0258570.JPG,247,1082,Frame
G0258570.JPG,304,1144,Frame
G0258570.JPG,251,1387,Frame
G0258570.JPG,249,1468,Frame
G0258570.JPG,299,1692,Frame
G0258570.JPG,289,1906,Frame
G0258570.JPG,314,2101,Acr
G0258570.JPG,358,2162,TA
G0258570.JPG,371,2340,Rhy
G0258570.JPG,290,2584,Rhy
G0258570.JPG,247,2781,Frame
G0258570.JPG,338,2863,Frame
G0258570.JPG,370,2955,Acr
G0258570.JPG,322,3201,Frame
G0258570.JPG,281,3410,Frame
G0258570.JPG,266,3548,Frame
G0258570.JPG,258,3782,Frame
G0258570.JPG,321,3927,Frame
G0258570.JPG,264,4087,Frame
G0258570.JPG,349,4268,Frame
G0258570.JPG,245,4359,Frame
G0258570.JPG,352,4611,Frame
G0258570.JPG,352,4761,Frame
G0258570.JPG,328,4856,Frame
G0258570.JPG,287,5091,Frame
G0258570.JPG,378,5178,Frame
G0258570.JPG,399,285,Frame
G0258570.JPG,428,543,Frame
G0258570.JPG,488,688,Frame
G0258570.JPG,495,869,Frame
G0258570.JPG,530,1058,Acr
G0258570.JPG,391,1151,Frame
G0258570.JPG,450,1327,HS_AR
G0258570.JPG,530,1529,TA
G0258570.JPG,477,1706,HS_AR
G0258570.JPG,466,1848,HS_AR
G0258570.JPG,437,2052,TA
G0258570.JPG,415,2130,Acr
G0258570.JPG,403,2394,Rhy
G0258570.JPG,446,2542,Rhy
G0258570.JPG,405,2645,Acr
G0258570.JPG,389,2857,Acr
G0258570.JPG,389,3092,Frame
G0258570.JPG,486,3225,Frame
G0258570.JPG,415,3309,Frame
G0258570.JPG,468,3606,Frame
G0258570.JPG,439,3712,Frame
G0258570.JPG,532,3834,HS_AR
G0258570.JPG,415,4043,Frame
G0258570.JPG,425,4218,Frame
G0258570.JPG,475,4357,Frame
G0258570.JPG,479,4544,Frame
G0258570.JPG,496,4688,Frame
G0258570.JPG,453,4827,Frame
G0258570.JPG,409,5062,Frame
G0258570.JPG,446,5224,Frame
G0258570.JPG,548,279,S
G0258570.JPG,539,589,Frame
G0258570.JPG,616,729,Frame
G0258570.JPG,575,847,HS_AR
G0258570.JPG,572,1003,S
G0258570.JPG,555,1263,Acr
G0258570.JPG,582,1375,R
G0258570.JPG,638,1547,TA
G0258570.JPG,617,1661,TA
G0258570.JPG,669,1795,HS_AR
G0258570.JPG,669,2107,HS_AR
G0258570.JPG,657,2229,HS_AR
G0258570.JPG,580,2374,TA
G0258570.JPG,623,2589,TA
G0258570.JPG,619,2724,Rhy
G0258570.JPG,647,2924,Rhy
G0258570.JPG,629,3071,Acr
G0258570.JPG,537,3267,Acr
G0258570.JPG,659,3285,Acr
G0258570.JPG,560,3584,Frame
G0258570.JPG,629,3744,HS_AR
G0258570.JPG,622,3821,HS_AR
G0258570.JPG,562,4018,Frame
G0258570.JPG,657,4144,HS_AR
G0258570.JPG,665,4424,Frame
G0258570.JPG,654,4534,Frame
G0258570.JPG,664,4736,Frame
G0258570.JPG,554,4792,Frame
G0258570.JPG,653,4996,HS_AR
G0258570.JPG,675,5241,Frame
G0258570.JPG,816,318,S
G0258570.JPG,690,595,HS_AR
G0258570.JPG,738,728,HS_AR
G0258570.JPG,692,878,S
G0258570.JPG,740,978,HS_AR
G0258570.JPG,797,1224,R
G0258570.JPG,722,1347,TA
G0258570.JPG,783,1530,HS_AR
G0258570.JPG,821,1765,HS_AR
G0258570.JPG,681,1847,HS_AR
G0258570.JPG,803,2108,TA
G0258570.JPG,701,2123,HS_AR
G0258570.JPG,733,2299,TA
G0258570.JPG,744,2612,Rhy
G0258570.JPG,714,2782,Rhy
G0258570.JPG,761,2799,HS_AR
G0258570.JPG,802,3097,Rhy
G0258570.JPG,695,3257,Rhy
G0258570.JPG,749,3400,Rhy
G0258570.JPG,801,3550,TA
G0258570.JPG,738,3769,S
G0258570.JPG,742,3864,HS_AR
G0258570.JPG,689,4044,HS_AR
G0258570.JPG,718,4149,HS_AR
G0258570.JPG,812,4403,S
G0258570.JPG,767,4594,HS_AR
G0258570.JPG,813,4773,TA
G0258570.JPG,759,4841,TA
G0258570.JPG,815,4979,Xe
G0258570.JPG,781,5220,Frame
G0258570.JPG,846,351,S
G0258570.JPG,948,579,S
G0258570.JPG,934,751,S
G0258570.JPG,869,890,HS_AR
G0258570.JPG,894,1107,TA
G0258570.JPG,879,1158,TA
G0258570.JPG,926,1394,HS_AR
G0258570.JPG,893,1476,HS_AR
G0258570.JPG,949,1701,HS_AR
G0258570.JPG,860,1856,HS_AR
G0258570.JPG,878,1961,HS_AR
G0258570.JPG,879,2139,HS_AR
G0258570.JPG,883,2445,TA
G0258570.JPG,945,2465,Rhy
G0258570.JPG,964,2767,Rhy
G0258570.JPG,901,2792,Rhy
G0258570.JPG,863,3032,TA
G0258570.JPG,875,3256,Rhy
G0258570.JPG,894,3315,Rhy
G0258570.JPG,941,3510,HS_AR
G0258570.JPG,927,3708,TA
G0258570.JPG,965,3828,SC
G0258570.JPG,869,4031,S
G0258570.JPG,963,4273,HS_AR
G0258570.JPG,839,4351,HS_AR
G0258570.JPG,860,4485,Acr
G0258570.JPG,884,4621,R
G0258570.JPG,902,4850,R
G0258570.JPG,899,5006,R
G0258570.JPG,912,5226,S
G0258570.JPG,1074,361,S
G0258570.JPG,1080,570,S
G0258570.JPG,1075,748,HS_AR
G0258570.JPG,1076,913,HS_AR
G0258570.JPG,1089,1009,R
G0258570.JPG,1094,1143,TA
G0258570.JPG,1016,1438,HS_AR
G0258570.JPG,1078,1501,HS_AR
G0258570.JPG,1119,1725,TA
G0258570.JPG,1066,1850,TA
G0258570.JPG,1091,2052,HS_AR
G0258570.JPG,1050,2209,TA
G0258570.JPG,1026,2367,TA
G0258570.JPG,982,2546,Rhy
G0258570.JPG,1028,2659,Rhy
G0258570.JPG,1025,2935,Acr
G0258570.JPG,1080,3060,TA
G0258570.JPG,1044,3135,TA
G0258570.JPG,1059,3345,TA
G0258570.JPG,1074,3491,HS_AR
G0258570.JPG,995,3780,Acr
G0258570.JPG,1043,3813,SC
G0258570.JPG,1111,4050,Rhy
G0258570.JPG,1009,4148,S
G0258570.JPG,1049,4339,R
G0258570.JPG,1074,4601,R
G0258570.JPG,1033,4688,R
G0258570.JPG,1035,4816,HS_AR
G0258570.JPG,1098,5084,R
G0258570.JPG,1030,5250,R
G0258570.JPG,1245,365,PorM
G0258570.JPG,1251,453,Rhy
G0258570.JPG,1223,719,Acr
G0258570.JPG,1174,940,R
G0258570.JPG,1134,1109,R
G0258570.JPG,1172,1171,TA
G0258570.JPG,1187,1419,S
G0258570.JPG,1132,1602,TA
G0258570.JPG,1256,1746,HS_AR
G0258570.JPG,1254,1829,HS_AR
G0258570.JPG,1205,2088,Acr
G0258570.JPG,1186,2274,TA
G0258570.JPG,1212,2344,SP
G0258570.JPG,1210,2518,TA
G0258570.JPG,1207,2626,TA
G0258570.JPG,1130,2928,TA
G0258570.JPG,1190,2985,Rhy
G0258570.JPG,1212,3279,TA
G0258570.JPG,1149,3403,S
G0258570.JPG,1165,3581,TA
G0258570.JPG,1201,3671,TA
G0258570.JPG,1258,3923,Xe
G0258570.JPG,1125,4085,Acr
G0258570.JPG,1208,4237,S
G0258570.JPG,1138,4344,HS_AR
G0258570.JPG,1227,4587,HS_AR
G0258570.JPG,1123,4762,HS_AR
G0258570.JPG,1177,4816,HS_AR
G0258570.JPG,1242,5002,HS_AR
G0258570.JPG,1242,5286,R
G0258570.JPG,1370,305,R
G0258570.JPG,1357,468,Rhy
G0258570.JPG,1297,650,Frame
G0258570.JPG,1281,827,Acr
G0258570.JPG,1325,1060,R
G0258570.JPG,1401,1267,Rhy
G0258570.JPG,1395,1432,HS_AR
G0258570.JPG,1349,1534,HS_AR
G0258570.JPG,1369,1766,HS_AR
G0258570.JPG,1317,1786,HS_AR
G0258570.JPG,1267,2043,TA
G0258570.JPG,1383,2241,Rhy
G0258570.JPG,1401,2397,Sar
G0258570.JPG,1393,2603,S
G0258570.JPG,1266,2641,TA
G0258570.JPG,1338,2812,TA
G0258570.JPG,1359,3002,TA
G0258570.JPG,1341,3126,Sar
G0258570.JPG,1359,3307,TA
G0258570.JPG,1332,3609,Rhy
G0258570.JPG,1341,3743,Xe
G0258570.JPG,1315,3871,TA
G0258570.JPG,1411,4009,TA
G0258570.JPG,1325,4176,S
G0258570.JPG,1395,4443,R
G0258570.JPG,1277,4604,HS_AR
G0258570.JPG,1384,4645,R
G0258570.JPG,1298,4789,HS_AR
G0258570.JPG,1333,5026,HS_AR
G0258570.JPG,1317,5175,S
G0258570.JPG,1458,365,Xe
G0258570.JPG,1482,611,PorM
G0258570.JPG,1523,717,TA
G0258570.JPG,1550,845,R
G0258570.JPG,1510,991,R
G0258570.JPG,1449,1167,R
G0258570.JPG,1454,1427,R
G0258570.JPG,1537,1506,S
G0258570.JPG,1414,1723,HS_AR
G0258570.JPG,1432,1841,R
G0258570.JPG,1506,2056,Rhy
G0258570.JPG,1488,2185,Rhy
G0258570.JPG,1440,2354,S
G0258570.JPG,1539,2555,RA
G0258570.JPG,1508,2636,TA
G0258570.JPG,1459,2834,TA
G0258570.JPG,1493,2980,HS_AR
G0258570.JPG,1499,3276,RA
G0258570.JPG,1549,3339,TA
G0258570.JPG,1435,3489,RA
G0258570.JPG,1517,3631,Xe
G0258570.JPG,1494,3925,Sar
G0258570.JPG,1551,3957,Acr
G0258570.JPG,1535,4132,S
G0258570.JPG,1453,4297,PorM
G0258570.JPG,1503,4460,Xe
G0258570.JPG,1507,4658,R
G0258570.JPG,1546,4859,R
G0258570.JPG,1494,5076,R
G0258570.JPG,1472,5274,R
G0258570.JPG,1594,327,R
G0258570.JPG,1687,611,R
G0258570.JPG,1673,694,R
G0258570.JPG,1618,787,R
G0258570.JPG,1562,1111,S
G0258570.JPG,1695,1255,S
G0258570.JPG,1584,1388,S
G0258570.JPG,1572,1577,S
G0258570.JPG,1589,1637,S
G0258570.JPG,1680,1848,S
G0258570.JPG,1687,2009,S
G0258570.JPG,1667,2133,S
G0258570.JPG,1628,2345,R
G0258570.JPG,1662,2462,S
G0258570.JPG,1668,2621,TA
G0258570.JPG,1686,2802,HS_AR
G0258570.JPG,1657,3097,Xe
G0258570.JPG,1657,3279,RA
G0258570.JPG,1677,3408,TA
G0258570.JPG,1629,3479,TA
G0258570.JPG,1561,3664,HS_AR
G0258570.JPG,1622,3872,Xe
G0258570.JPG,1595,4119,RA
G0258570.JPG,1568,4218,PorM
G0258570.JPG,1591,4329,PorM
G0258570.JPG,1667,4539,S
G0258570.JPG,1688,4738,R
G0258570.JPG,1645,4943,R
G0258570.JPG,1591,5013,R
G0258570.JPG,1704,5288,R
G0258570.JPG,1722,310,R
G0258570.JPG,1800,493,Rhy
G0258570.JPG,1705,692,R
G0258570.JPG,1753,850,S
G0258570.JPG,1789,961,S
G0258570.JPG,1800,1153,S
G0258570.JPG,1828,1421,S
G0258570.JPG,1846,1576,R
G0258570.JPG,1786,1627,R
G0258570.JPG,1747,1839,R
G0258570.JPG,1773,2099,S
G0258570.JPG,1802,2234,S
G0258570.JPG,1710,2315,R
G0258570.JPG,1737,2568,Cya
G0258570.JPG,1729,2659,Cya
G0258570.JPG,1789,2871,Agl
G0258570.JPG,1709,3043,R
G0258570.JPG,1707,3143,TA
G0258570.JPG,1734,3436,RA
G0258570.JPG,1734,3560,S
G0258570.JPG,1827,3632,Didae
G0258570.JPG,1811,3934,TA
G0258570.JPG,1716,3976,Rhy
G0258570.JPG,1770,4247,PorM
G0258570.JPG,1831,4393,SC
G0258570.JPG,1824,4573,SC
G0258570.JPG,1729,4659,Cya
G0258570.JPG,1715,4843,R
G0258570.JPG,1803,5036,R
G0258570.JPG,1751,5154,R
G0258570.JPG,1963,349,Rhy
G0258570.JPG,1857,580,Rhy
G0258570.JPG,1871,671,Rhy
G0258570.JPG,1943,790,R
G0258570.JPG,1924,975,S
G0258570.JPG,1856,1216,S
G0258570.JPG,1982,1365,S
G0258570.JPG,1964,1587,S
G0258570.JPG,1908,1759,R
G0258570.JPG,1875,1946,S
G0258570.JPG,1858,2108,S
G0258570.JPG,1933,2260,S
G0258570.JPG,1914,2441,R
G0258570.JPG,1939,2532,R
G0258570.JPG,1951,2625,Sar
G0258570.JPG,1966,2931,Rhy
G0258570.JPG,1927,3040,Rhy
G0258570.JPG,1972,3123,Rhy
G0258570.JPG,1856,3412,Hydro
G0258570.JPG,1878,3502,TA
G0258570.JPG,1962,3767,Rhy
G0258570.JPG,1967,3948,TA
G0258570.JPG,1934,4066,R
G0258570.JPG,1962,4155,TA
G0258570.JPG,1867,4432,SC
G0258570.JPG,1958,4550,TA
G0258570.JPG,1965,4639,TA
G0258570.JPG,1945,4803,Agl
G0258570.JPG,1979,4996,Agl
G0258570.JPG,1911,5207,R
G0258570.JPG,2133,384,R
G0258570.JPG,2078,517,Rhy
G0258570.JPG,2136,665,S
G0258570.JPG,2129,813,S
G0258570.JPG,2038,1036,S
G0258570.JPG,2083,1253,R
G0258570.JPG,1998,1412,S
G0258570.JPG,2116,1554,S
G0258570.JPG,2012,1728,S
G0258570.JPG,2025,1894,S
G0258570.JPG,2069,2037,S
G0258570.JPG,2064,2187,S
G0258570.JPG,2060,2344,SP
G0258570.JPG,2071,2490,S
G0258570.JPG,2021,2663,TA
G0258570.JPG,2132,2786,Hydro
G0258570.JPG,2001,2953,Xe
G0258570.JPG,2108,3221,Rhy
G0258570.JPG,1999,3425,TA
G0258570.JPG,2047,3575,R
G0258570.JPG,2103,3775,Rhy
G0258570.JPG,2033,3800,Rhy
G0258570.JPG,2003,3955,TA
G0258570.JPG,2061,4246,TA
G0258570.JPG,2121,4335,TA
G0258570.JPG,2019,4513,TA
G0258570.JPG,2040,4689,Agl
G0258570.JPG,2075,4849,Agl
G0258570.JPG,2106,5064,Agl
G0258570.JPG,2051,5196,R
G0258570.JPG,2218,301,R
G0258570.JPG,2261,606,S
G0258570.JPG,2258,655,S
G0258570.JPG,2166,828,S
G0258570.JPG,2221,1075,R
G0258570.JPG,2264,1187,R
G0258570.JPG,2184,1323,R
G0258570.JPG,2227,1468,S
G0258570.JPG,2248,1614,S
G0258570.JPG,2275,1800,S
G0258570.JPG,2256,2051,S
G0258570.JPG,2144,2152,R
G0258570.JPG,2225,2327,R
G0258570.JPG,2230,2566,S
G0258570.JPG,2257,2622,TA
G0258570.JPG,2198,2947,Hydro
G0258570.JPG,2261,3025,TA
G0258570.JPG,2230,3149,Rhy
G0258570.JPG,2275,3386,Rhy
G0258570.JPG,2276,3525,R
G0258570.JPG,2160,3683,R
G0258570.JPG,2189,3852,Rhy
G0258570.JPG,2199,4007,Rhy
G0258570.JPG,2228,4240,R
G0258570.JPG,2189,4311,R
G0258570.JPG,2196,4577,TA
G0258570.JPG,2287,4663,TA
G0258570.JPG,2202,4873,Agl
G0258570.JPG,2221,5093,R
G0258570.JPG,2172,5192,S
G0258570.JPG,2355,327,R
G0258570.JPG,2428,487,S
G0258570.JPG,2397,680,S
G0258570.JPG,2348,860,S
G0258570.JPG,2381,961,R
G0258570.JPG,2296,1185,S
G0258570.JPG,2312,1442,S
G0258570.JPG,2296,1488,S
G0258570.JPG,2326,1741,S
G0258570.JPG,2300,1828,S
G0258570.JPG,2432,1985,Xe
G0258570.JPG,2400,2136,Rhy
G0258570.JPG,2424,2401,Rhy
G0258570.JPG,2334,2498,Didae
G0258570.JPG,2368,2710,Rhy
G0258570.JPG,2351,2854,S
G0258570.JPG,2360,3025,TA
G0258570.JPG,2406,3118,Xe
G0258570.JPG,2363,3429,TA
G0258570.JPG,2413,3475,Rhy
G0258570.JPG,2397,3647,TA
G0258570.JPG,2340,3916,Rhy
G0258570.JPG,2380,4032,Rhy
G0258570.JPG,2356,4138,Rhy
G0258570.JPG,2414,4428,R
G0258570.JPG,2373,4612,R
G0258570.JPG,2328,4785,TA
G0258570.JPG,2346,4940,R
G0258570.JPG,2297,4957,R
G0258570.JPG,2308,5211,R
G0258570.JPG,2471,289,S
G0258570.JPG,2505,453,S
G0258570.JPG,2503,764,S
G0258570.JPG,2449,854,S
G0258570.JPG,2448,1006,S
G0258570.JPG,2550,1192,S
G0258570.JPG,2436,1301,S
G0258570.JPG,2497,1511,S
G0258570.JPG,2543,1740,Xe
G0258570.JPG,2461,1810,S
G0258570.JPG,2449,2104,Rhy
G0258570.JPG,2481,2259,Rhy
G0258570.JPG,2484,2334,Rhy
G0258570.JPG,2542,2481,RA
G0258570.JPG,2561,2712,R
G0258570.JPG,2476,2802,Rhy
G0258570.JPG,2573,3038,Rhy
G0258570.JPG,2468,3261,RA
G0258570.JPG,2527,3325,RA
G0258570.JPG,2480,3583,Xe
G0258570.JPG,2445,3710,Rhy
G0258570.JPG,2441,3925,Rhy
G0258570.JPG,2481,3961,Rhy
G0258570.JPG,2528,4127,Rhy
G0258570.JPG,2456,4307,TA
G0258570.JPG,2500,4583,TA
G0258570.JPG,2461,4643,Rhy
G0258570.JPG,2576,4902,Lobvar
G0258570.JPG,2492,4974,R
G0258570.JPG,2479,5234,R
G0258570.JPG,2682,379,S
G0258570.JPG,2656,547,S
G0258570.JPG,2720,632,S
G0258570.JPG,2584,870,R
G0258570.JPG,2671,978,S
G0258570.JPG,2622,1252,S
G0258570.JPG,2616,1444,Xe
G0258570.JPG,2702,1459,R
G0258570.JPG,2600,1709,Xe
G0258570.JPG,2653,1784,Xe
G0258570.JPG,2663,1968,Rhy
G0258570.JPG,2669,2235,RA
G0258570.JPG,2704,2441,Hydro
G0258570.JPG,2587,2585,Xe
G0258570.JPG,2592,2717,Xe
G0258570.JPG,2702,2802,Rhy
G0258570.JPG,2720,2988,R
G0258570.JPG,2584,3247,RA
G0258570.JPG,2715,3394,RA
G0258570.JPG,2644,3452,TA
G0258570.JPG,2616,3714,Xe
G0258570.JPG,2663,3797,TA
G0258570.JPG,2678,4091,S
G0258570.JPG,2676,4150,S
G0258570.JPG,2643,4451,S
G0258570.JPG,2593,4566,TA
G0258570.JPG,2654,4746,Lobvar
G0258570.JPG,2668,4811,Lobvar
G0258570.JPG,2632,5029,R
G0258570.JPG,2601,5281,S
G0258570.JPG,2790,305,S
G0258570.JPG,2739,514,S
G0258570.JPG,2810,727,S
G0258570.JPG,2859,892,S
G0258570.JPG,2750,1079,S
G0258570.JPG,2802,1248,S
G0258570.JPG,2799,1399,S
G0258570.JPG,2783,1604,S
G0258570.JPG,2852,1636,R
G0258570.JPG,2859,1858,Rhy
G0258570.JPG,2816,1987,Rhy
G0258570.JPG,2791,2163,Rhy
G0258570.JPG,2815,2355,Hydro
G0258570.JPG,2800,2553,Lobvar
G0258570.JPG,2808,2657,Rhy
G0258570.JPG,2853,2842,Rhy
G0258570.JPG,2757,3026,Rhy
G0258570.JPG,2729,3126,R
G0258570.JPG,2789,3302,TA
G0258570.JPG,2844,3596,TA
G0258570.JPG,2834,3675,Xe
G0258570.JPG,2860,3835,R
G0258570.JPG,2836,4072,Rhy
G0258570.JPG,2800,4138,R
G0258570.JPG,2862,4374,S
G0258570.JPG,2831,4475,S
G0258570.JPG,2842,4685,TA
G0258570.JPG,2758,4855,Lobvar
G0258570.JPG,2824,4979,S
G0258570.JPG,2798,5148,S
G0258570.JPG,2982,374,S
G0258570.JPG,3015,509,S
G0258570.JPG,2919,768,R
G0258570.JPG,2969,889,R
G0258570.JPG,2971,962,R
G0258570.JPG,3018,1204,S
G0258570.JPG,2947,1318,S
G0258570.JPG,2881,1461,R
G0258570.JPG,3008,1677,R
G0258570.JPG,2933,1788,R
G0258570.JPG,2945,2018,Rhy
G0258570.JPG,2974,2256,Rhy
G0258570.JPG,2926,2413,TA
G0258570.JPG,2963,2596,Rhy
G0258570.JPG,2928,2770,Rhy
G0258570.JPG,2890,2851,Rhy
G0258570.JPG,3016,3093,S
G0258570.JPG,2994,3230,Rhy
G0258570.JPG,2919,3316,Rhy
G0258570.JPG,2930,3472,Cya
G0258570.JPG,2943,3705,Cya
G0258570.JPG,2941,3950,RA
G0258570.JPG,3000,3980,RA
G0258570.JPG,2977,4274,S
G0258570.JPG,3002,4351,S
G0258570.JPG,2913,4592,S
G0258570.JPG,2948,4694,S
G0258570.JPG,3001,4941,R
G0258570.JPG,2925,5012,R
G0258570.JPG,2978,5133,R
G0258570.JPG,3117,401,S
G0258570.JPG,3150,584,S
G0258570.JPG,3098,732,S
G0258570.JPG,3153,794,R
G0258570.JPG,3156,1039,S
G0258570.JPG,3140,1269,S
G0258570.JPG,3109,1338,S
G0258570.JPG,3050,1543,S
G0258570.JPG,3036,1671,R
G0258570.JPG,3136,1829,S
G0258570.JPG,3068,1962,S
G0258570.JPG,3147,2152,Rhy
G0258570.JPG,3128,2379,Rhy
G0258570.JPG,3142,2559,Rhy
G0258570.JPG,3140,2683,Rhy
G0258570.JPG,3076,2855,Rhy
G0258570.JPG,3159,2987,Rhy
G0258570.JPG,3098,3199,Rhy
G0258570.JPG,3146,3380,Rhy
G0258570.JPG,3076,3572,Cya
G0258570.JPG,3035,3668,SP
G0258570.JPG,3100,3861,TA
G0258570.JPG,3034,3994,RA
G0258570.JPG,3116,4135,R
G0258570.JPG,3142,4300,S
G0258570.JPG,3143,4588,S
G0258570.JPG,3050,4732,S
G0258570.JPG,3066,4887,S
G0258570.JPG,3072,4983,R
G0258570.JPG,3134,5249,S
G0258570.JPG,3173,373,R
G0258570.JPG,3187,523,R
G0258570.JPG,3242,764,R
G0258570.JPG,3180,843,R
G0258570.JPG,3265,974,S
G0258570.JPG,3203,1237,S
G0258570.JPG,3246,1330,S
G0258570.JPG,3263,1503,S
G0258570.JPG,3301,1763,S
G0258570.JPG,3200,1889,S
G0258570.JPG,3212,2056,Rhy
G0258570.JPG,3291,2150,Rhy
G0258570.JPG,3303,2378,Rhy
G0258570.JPG,3195,2461,Rhy
G0258570.JPG,3280,2721,Rhy
G0258570.JPG,3252,2860,Rhy
G0258570.JPG,3302,3075,TA
G0258570.JPG,3303,3220,R
G0258570.JPG,3196,3408,TA
G0258570.JPG,3251,3602,Lobvar
G0258570.JPG,3270,3720,R
G0258570.JPG,3307,3886,Xe
G0258570.JPG,3292,4005,Xe
G0258570.JPG,3232,4197,S
G0258570.JPG,3172,4366,S
G0258570.JPG,3218,4590,S
G0258570.JPG,3282,4694,S
G0258570.JPG,3205,4922,S
G0258570.JPG,3185,5038,S
G0258570.JPG,3245,5267,S
G0258570.JPG,3353,338,R
G0258570.JPG,3352,606,R
G0258570.JPG,3366,732,S
G0258570.JPG,3456,848,S
G0258570.JPG,3316,1033,R
G0258570.JPG,3389,1203,S
G0258570.JPG,3346,1372,S
G0258570.JPG,3329,1556,S
G0258570.JPG,3350,1626,S
G0258570.JPG,3392,1836,S
G0258570.JPG,3348,2036,Xe
G0258570.JPG,3372,2202,Rhy
G0258570.JPG,3331,2427,Xe
G0258570.JPG,3410,2536,Xe
G0258570.JPG,3442,2732,TA
G0258570.JPG,3406,2828,R
G0258570.JPG,3408,3112,R
G0258570.JPG,3429,3190,Rhy
G0258570.JPG,3326,3395,TA
G0258570.JPG,3351,3466,TA
G0258570.JPG,3400,3739,R
G0258570.JPG,3425,3824,SP
G0258570.JPG,3407,3974,S
G0258570.JPG,3360,4226,R
G0258570.JPG,3354,4385,S
G0258570.JPG,3431,4612,S
G0258570.JPG,3314,4736,S
G0258570.JPG,3329,4934,S
G0258570.JPG,3332,5026,S
G0258570.JPG,3376,5231,S
G0258570.JPG,3557,418,R
G0258570.JPG,3543,472,R
G0258570.JPG,3548,633,S
G0258570.JPG,3518,931,S
G0258570.JPG,3518,982,S
G0258570.JPG,3545,1156,S
G0258570.JPG,3460,1334,Frame
G0258570.JPG,3572,1496,S
G0258570.JPG,3536,1779,S
G0258570.JPG,3522,1813,S
G0258570.JPG,3499,2047,S
G0258570.JPG,3580,2178,Xe
G0258570.JPG,3532,2284,Xe
G0258570.JPG,3576,2455,TA
G0258570.JPG,3597,2685,S
G0258570.JPG,3546,2785,R
G0258570.JPG,3532,3071,S
G0258570.JPG,3572,3232,R
G0258570.JPG,3544,3308,S
G0258570.JPG,3551,3601,R
G0258570.JPG,3538,3684,R
G0258570.JPG,3568,3830,S
G0258570.JPG,3522,4109,S
G0258570.JPG,3490,4140,R
G0258570.JPG,3589,4335,S
G0258570.JPG,3591,4534,S
G0258570.JPG,3558,4664,S
G0258570.JPG,3549,4798,S
G0258570.JPG,3478,5007,R
G0258570.JPG,3561,5185,S
G0258570.JPG,3695,294,S
G0258570.JPG,3694,464,R
G0258570.JPG,3737,616,S
G0258570.JPG,3688,884,S
G0258570.JPG,3719,1014,S
G0258570.JPG,3655,1198,S
G0258570.JPG,3713,1428,S
G0258570.JPG,3681,1511,S
G0258570.JPG,3700,1726,S
G0258570.JPG,3611,1921,S
G0258570.JPG,3682,1953,S
G0258570.JPG,3738,2216,Lobvar
G0258570.JPG,3614,2322,Xe
G0258570.JPG,3707,2533,R
G0258570.JPG,3666,2661,R
G0258570.JPG,3679,2802,R
G0258570.JPG,3656,3065,S
G0258570.JPG,3672,3280,R
G0258570.JPG,3638,3317,R
G0258570.JPG,3731,3500,R
G0258570.JPG,3629,3766,S
G0258570.JPG,3625,3877,S
G0258570.JPG,3688,3988,S
G0258570.JPG,3680,4181,S
G0258570.JPG,3666,4397,S
G0258570.JPG,3673,4454,S
G0258570.JPG,3655,4745,S
G0258570.JPG,3720,4953,S
G0258570.JPG,3702,5094,S
G0258570.JPG,3611,5213,S
G0258570.JPG,3785,299,S
G0258570.JPG,3795,478,R
G0258570.JPG,3885,643,S
G0258570.JPG,3762,840,S
G0258570.JPG,3764,965,S
G0258570.JPG,3860,1240,S
G0258570.JPG,3751,1281,S
G0258570.JPG,3858,1547,S
G0258570.JPG,3861,1659,S
G0258570.JPG,3868,1844,S
G0258570.JPG,3878,2057,Lobvar
G0258570.JPG,3821,2230,Lobvar
G0258570.JPG,3806,2440,R
G0258570.JPG,3879,2608,S
G0258570.JPG,3769,2747,S
G0258570.JPG,3854,2937,S
G0258570.JPG,3883,3085,S
G0258570.JPG,3868,3177,S
G0258570.JPG,3755,3441,R
G0258570.JPG,3851,3469,R
G0258570.JPG,3764,3702,R
G0258570.JPG,3783,3874,S
G0258570.JPG,3826,4090,R
G0258570.JPG,3837,4231,S
G0258570.JPG,3768,4403,R
G0258570.JPG,3764,4517,R
G0258570.JPG,3882,4767,S
G0258570.JPG,3825,4855,S
G0258570.JPG,3879,5067,S
G0258570.JPG,3867,5165,S
G0258570.JPG,3935,372,R
G0258570.JPG,4022,538,S
G0258570.JPG,3908,637,S
G0258570.JPG,4012,803,S
G0258570.JPG,3938,968,S
G0258570.JPG,4017,1264,S
G0258570.JPG,3911,1393,S
G0258570.JPG,3996,1580,S
G0258570.JPG,3940,1748,S
G0258570.JPG,3979,1853,S
G0258570.JPG,4019,2016,S
G0258570.JPG,3989,2267,R
G0258570.JPG,4035,2382,S
G0258570.JPG,3931,2561,S
G0258570.JPG,4042,2682,S
G0258570.JPG,4031,2791,Rhy
G0258570.JPG,4001,3011,S
G0258570.JPG,3926,3200,Rhy
G0258570.JPG,4040,3430,R
G0258570.JPG,3968,3578,S
G0258570.JPG,3983,3651,S
G0258570.JPG,3941,3924,S
G0258570.JPG,3972,4082,S
G0258570.JPG,3929,4250,S
G0258570.JPG,4031,4371,S
G0258570.JPG,3902,4467,S
G0258570.JPG,3970,4742,S
G0258570.JPG,4042,4904,S
G0258570.JPG,4037,5061,S
G0258570.JPG,3933,5243,S
G0258570.JPG,4144,316,R
G0258570.JPG,4154,577,S
G0258570.JPG,4085,704,S
G0258570.JPG,4064,861,S
G0258570.JPG,4167,998,S
G0258570.JPG,4087,1157,S
G0258570.JPG,4130,1436,S
G0258570.JPG,4117,1594,S
G0258570.JPG,4172,1637,S
G0258570.JPG,4086,1919,S
G0258570.JPG,4141,2013,S
G0258570.JPG,4095,2211,S
G0258570.JPG,4111,2350,S
G0258570.JPG,4107,2598,S
G0258570.JPG,4179,2692,Rhy
G0258570.JPG,4138,2913,Rhy
G0258570.JPG,4046,3057,S
G0258570.JPG,4111,3133,S
G0258570.JPG,4174,3286,Rhy
G0258570.JPG,4060,3602,S
G0258570.JPG,4060,3671,S
G0258570.JPG,4123,3914,S
G0258570.JPG,4048,4054,S
G0258570.JPG,4176,4277,S
G0258570.JPG,4144,4308,S
G0258570.JPG,4106,4519,S
G0258570.JPG,4176,4724,S
G0258570.JPG,4115,4825,S
G0258570.JPG,4140,5032,S
G0258570.JPG,4101,5166,S
G0258570.JPG,4199,335,R
G0258570.JPG,4246,594,S
G0258570.JPG,4283,626,S
G0258570.JPG,4279,811,S
G0258570.JPG,4215,1089,S
G0258570.JPG,4225,1270,S
G0258570.JPG,4323,1358,S
G0258570.JPG,4313,1613,S
G0258570.JPG,4231,1710,S
G0258570.JPG,4207,1877,S
G0258570.JPG,4278,2053,S
G0258570.JPG,4300,2136,R
G0258570.JPG,4271,2314,S
G0258570.JPG,4249,2530,S
G0258570.JPG,4332,2639,S
G0258570.JPG,4299,2816,Rhy
G0258570.JPG,4260,2958,Rhy
G0258570.JPG,4294,3135,R
G0258570.JPG,4313,3294,S
G0258570.JPG,4194,3527,S
G0258570.JPG,4255,3635,S
G0258570.JPG,4191,3947,S
G0258570.JPG,4214,4023,S
G0258570.JPG,4237,4135,S
G0258570.JPG,4199,4358,S
G0258570.JPG,4256,4601,S
G0258570.JPG,4319,4765,S
G0258570.JPG,4293,4920,S
G0258570.JPG,4278,5023,S
G0258570.JPG,4264,5147,S
G0258570.JPG,4407,305,Rhy
G0258570.JPG,4465,510,S
G0258570.JPG,4432,693,S
G0258570.JPG,4456,846,S
G0258570.JPG,4472,1007,S
G0258570.JPG,4461,1196,S
G0258570.JPG,4379,1294,S
G0258570.JPG,4342,1532,S
G0258570.JPG,4342,1657,S
G0258570.JPG,4469,1813,S
G0258570.JPG,4465,2005,S
G0258570.JPG,4476,2115,S
G0258570.JPG,4399,2399,R
G0258570.JPG,4437,2487,S
G0258570.JPG,4478,2769,S
G0258570.JPG,4447,2794,S
G0258570.JPG,4371,2958,Rhy
G0258570.JPG,4368,3209,R
G0258570.JPG,4444,3339,S
G0258570.JPG,4384,3573,S
G0258570.JPG,4423,3755,S
G0258570.JPG,4391,3791,S
G0258570.JPG,4393,4026,S
G0258570.JPG,4469,4208,S
G0258570.JPG,4400,4423,S
G0258570.JPG,4453,4539,S
G0258570.JPG,4450,4780,S
G0258570.JPG,4414,4838,S
G0258570.JPG,4449,5052,Lobvar
G0258570.JPG,4444,5160,R
G0258570.JPG,4491,373,R
G0258570.JPG,4542,604,S
G0258570.JPG,4511,733,S
G0258570.JPG,4504,923,S
G0258570.JPG,4600,953,S
G0258570.JPG,4517,1113,S
G0258570.JPG,4563,1281,S
G0258570.JPG,4586,1481,S
G0258570.JPG,4503,1645,S
G0258570.JPG,4529,1844,S
G0258570.JPG,4516,2051,S
G0258570.JPG,4568,2249,S
G0258570.JPG,4627,2335,S
G0258570.JPG,4609,2452,S
G0258570.JPG,4563,2626,S
G0258570.JPG,4518,2807,S
G0258570.JPG,4531,3069,S
G0258570.JPG,4570,3211,S
G0258570.JPG,4493,3403,S
G0258570.JPG,4591,3515,S
G0258570.JPG,4566,3663,S
G0258570.JPG,4501,3893,S
G0258570.JPG,4595,3992,S
G0258570.JPG,4612,4135,S
G0258570.JPG,4526,4297,S
G0258570.JPG,4577,4519,S
G0258570.JPG,4565,4677,S
G0258570.JPG,4626,4801,S
G0258570.JPG,4601,5021,R
G0258570.JPG,4538,5200,R


G0258574.JPG,335,408,Frame
G0258574.JPG,387,478,Frame
G0258574.JPG,297,684,Frame
G0258574.JPG,330,934,Frame
G0258574.JPG,386,1025,Frame
G0258574.JPG,243,1124,Frame
G0258574.JPG,274,1327,Frame
G0258574.JPG,245,1607,Frame
G0258574.JPG,383,1739,Frame
G0258574.JPG,289,1793,Frame
G0258574.JPG,385,2017,Frame
G0258574.JPG,249,2281,Frame
G0258574.JPG,359,2360,Frame
G0258574.JPG,318,2486,Frame
G0258574.JPG,318,2679,Frame
G0258574.JPG,321,2853,Frame
G0258574.JPG,361,3101,Frame
G0258574.JPG,282,3267,Frame
G0258574.JPG,275,3415,Frame
G0258574.JPG,352,3455,Frame
G0258574.JPG,325,3672,Frame
G0258574.JPG,311,3792,Frame
G0258574.JPG,362,4075,Frame
G0258574.JPG,363,4147,Frame
G0258574.JPG,383,4401,Frame
G0258574.JPG,307,4531,Frame
G0258574.JPG,300,4711,Frame
G0258574.JPG,382,4895,Frame
G0258574.JPG,266,5109,Frame
G0258574.JPG,367,5220,Frame
G0258574.JPG,469,333,Frame
G0258574.JPG,458,493,Frame
G0258574.JPG,446,646,Frame
G0258574.JPG,437,870,Frame
G0258574.JPG,472,1075,Frame
G0258574.JPG,395,1143,Frame
G0258574.JPG,499,1429,Frame
G0258574.JPG,446,1463,Frame
G0258574.JPG,479,1695,Frame
G0258574.JPG,528,1945,Frame
G0258574.JPG,464,2068,Frame
G0258574.JPG,485,2281,Frame
G0258574.JPG,496,2310,Frame
G0258574.JPG,519,2461,Frame
G0258574.JPG,459,2698,Frame
G0258574.JPG,472,2911,Frame
G0258574.JPG,478,3086,Frame
G0258574.JPG,508,3135,Frame
G0258574.JPG,456,3308,Frame
G0258574.JPG,437,3497,Frame
G0258574.JPG,454,3733,Frame
G0258574.JPG,480,3825,Frame
G0258574.JPG,533,3973,Frame
G0258574.JPG,503,4180,Frame
G0258574.JPG,453,4351,Frame
G0258574.JPG,498,4469,Frame
G0258574.JPG,514,4648,Frame
G0258574.JPG,399,4871,Frame
G0258574.JPG,421,4986,Frame
G0258574.JPG,513,5285,Frame
G0258574.JPG,580,369,Frame
G0258574.JPG,673,486,Frame
G0258574.JPG,635,731,Frame
G0258574.JPG,662,861,Frame
G0258574.JPG,548,1028,Frame
G0258574.JPG,618,1222,Frame
G0258574.JPG,548,1391,Frame
G0258574.JPG,547,1462,Frame
G0258574.JPG,677,1677,Frame
G0258574.JPG,576,1897,Frame
G0258574.JPG,547,1980,Frame
G0258574.JPG,560,2212,Frame
G0258574.JPG,654,2298,Frame
G0258574.JPG,605,2600,Frame
G0258574.JPG,556,2621,Frame
G0258574.JPG,572,2867,Frame
G0258574.JPG,536,3059,Frame
G0258574.JPG,629,3203,Frame
G0258574.JPG,607,3345,Frame
G0258574.JPG,610,3501,Frame
G0258574.JPG,619,3778,Frame
G0258574.JPG,624,3859,Frame
G0258574.JPG,635,3984,Frame
G0258574.JPG,592,4218,Frame
G0258574.JPG,629,4408,Frame
G0258574.JPG,652,4598,Frame
G0258574.JPG,646,4700,Frame
G0258574.JPG,535,4908,Frame
G0258574.JPG,640,5047,Frame
G0258574.JPG,583,5127,Frame
G0258574.JPG,771,416,TA
G0258574.JPG,720,478,Acr
G0258574.JPG,777,719,Frame
G0258574.JPG,728,900,Frame
G0258574.JPG,753,1057,Frame
G0258574.JPG,774,1152,S
G0258574.JPG,817,1411,TA
G0258574.JPG,689,1476,HS_AR
G0258574.JPG,725,1723,Frame
G0258574.JPG,702,1794,Frame
G0258574.JPG,819,1981,Frame
G0258574.JPG,820,2275,Frame
G0258574.JPG,712,2393,Frame
G0258574.JPG,691,2475,Frame
G0258574.JPG,746,2640,Frame
G0258574.JPG,801,2804,Frame
G0258574.JPG,812,2953,Frame
G0258574.JPG,752,3120,Frame
G0258574.JPG,693,3425,Frame
G0258574.JPG,717,3550,Frame
G0258574.JPG,826,3694,Frame
G0258574.JPG,711,3816,Frame
G0258574.JPG,826,3995,Frame
G0258574.JPG,815,4153,Frame
G0258574.JPG,743,4359,Frame
G0258574.JPG,741,4494,Frame
G0258574.JPG,690,4779,Frame
G0258574.JPG,712,4931,Frame
G0258574.JPG,741,5081,Frame
G0258574.JPG,814,5144,Frame
G0258574.JPG,950,429,Rhy
G0258574.JPG,958,482,Rhy
G0258574.JPG,876,644,TA
G0258574.JPG,843,783,TA
G0258574.JPG,934,1028,SP
G0258574.JPG,923,1146,HS_AR
G0258574.JPG,922,1415,TA
G0258574.JPG,903,1580,TA
G0258574.JPG,827,1765,TA
G0258574.JPG,855,1832,Frame
G0258574.JPG,947,2036,Acr
G0258574.JPG,893,2224,R
G0258574.JPG,921,2413,HS_AR
G0258574.JPG,955,2546,S
G0258574.JPG,962,2657,HS_AR
G0258574.JPG,884,2929,Frame
G0258574.JPG,946,2954,Frame
G0258574.JPG,929,3254,Frame
G0258574.JPG,870,3389,Frame
G0258574.JPG,907,3539,Frame
G0258574.JPG,942,3646,Frame
G0258574.JPG,877,3815,Frame
G0258574.JPG,917,4051,Frame
G0258574.JPG,925,4162,Frame
G0258574.JPG,939,4391,Frame
G0258574.JPG,906,4488,Frame
G0258574.JPG,866,4642,Frame
G0258574.JPG,913,4853,Frame
G0258574.JPG,898,4983,Frame
G0258574.JPG,903,5162,Frame
G0258574.JPG,1017,430,Rhy
G0258574.JPG,997,604,TA
G0258574.JPG,1065,743,S
G0258574.JPG,1010,891,S
G0258574.JPG,1095,1072,Acr
G0258574.JPG,1115,1132,Acr
G0258574.JPG,1116,1371,S
G0258574.JPG,1038,1485,TA
G0258574.JPG,978,1747,TA
G0258574.JPG,1018,1824,HS_AR
G0258574.JPG,1057,2019,R
G0258574.JPG,1009,2236,R
G0258574.JPG,980,2433,Xe
G0258574.JPG,978,2534,TA
G0258574.JPG,1096,2684,Acr
G0258574.JPG,987,2825,Frame
G0258574.JPG,1075,3039,S
G0258574.JPG,1092,3129,HS_AR
G0258574.JPG,1049,3371,Frame
G0258574.JPG,1004,3521,Frame
G0258574.JPG,1101,3663,S
G0258574.JPG,1027,3875,Frame
G0258574.JPG,1097,4039,HS_AR
G0258574.JPG,1014,4218,Frame
G0258574.JPG,1094,4312,Frame
G0258574.JPG,1036,4563,Frame
G0258574.JPG,1078,4621,Frame
G0258574.JPG,976,4805,Frame
G0258574.JPG,1027,5079,Frame
G0258574.JPG,1022,5154,Frame
G0258574.JPG,1215,286,TA
G0258574.JPG,1201,470,Rhy
G0258574.JPG,1140,617,S
G0258574.JPG,1155,850,S
G0258574.JPG,1164,1052,Acr
G0258574.JPG,1129,1128,Acr
G0258574.JPG,1220,1395,TA
G0258574.JPG,1243,1572,HS_AR
G0258574.JPG,1229,1746,S
G0258574.JPG,1260,1870,Xe
G0258574.JPG,1124,2066,S
G0258574.JPG,1128,2169,TA
G0258574.JPG,1192,2329,TA
G0258574.JPG,1158,2601,Sar
G0258574.JPG,1122,2644,Sar
G0258574.JPG,1188,2884,S
G0258574.JPG,1179,3003,S
G0258574.JPG,1212,3127,S
G0258574.JPG,1127,3399,S
G0258574.JPG,1258,3571,R
G0258574.JPG,1199,3724,S
G0258574.JPG,1257,3831,R
G0258574.JPG,1157,4110,HS_AR
G0258574.JPG,1235,4265,Frame
G0258574.JPG,1221,4432,S
G0258574.JPG,1246,4550,S
G0258574.JPG,1147,4708,Frame
G0258574.JPG,1261,4820,S
G0258574.JPG,1157,4975,Frame
G0258574.JPG,1122,5250,S
G0258574.JPG,1272,307,TA
G0258574.JPG,1349,448,TA
G0258574.JPG,1318,755,TA
G0258574.JPG,1300,815,TA
G0258574.JPG,1277,995,TA
G0258574.JPG,1268,1121,TA
G0258574.JPG,1271,1376,TA
G0258574.JPG,1323,1525,HS_AR
G0258574.JPG,1371,1747,S
G0258574.JPG,1308,1851,Xe
G0258574.JPG,1272,1993,Xe
G0258574.JPG,1396,2277,SP
G0258574.JPG,1348,2318,Xe
G0258574.JPG,1368,2559,SP
G0258574.JPG,1321,2670,TA
G0258574.JPG,1376,2923,RA
G0258574.JPG,1363,3101,R
G0258574.JPG,1357,3211,SP
G0258574.JPG,1350,3285,TA
G0258574.JPG,1405,3454,R
G0258574.JPG,1275,3710,R
G0258574.JPG,1396,3837,R
G0258574.JPG,1323,3963,Rhy
G0258574.JPG,1337,4265,Xe
G0258574.JPG,1365,4431,Xe
G0258574.JPG,1329,4596,S
G0258574.JPG,1301,4655,R
G0258574.JPG,1378,4938,S
G0258574.JPG,1395,5031,Xe
G0258574.JPG,1280,5143,Xe
G0258574.JPG,1467,436,TA
G0258574.JPG,1427,471,TA
G0258574.JPG,1418,683,TA
G0258574.JPG,1474,856,Xe
G0258574.JPG,1446,952,Xe
G0258574.JPG,1477,1227,Rhy
G0258574.JPG,1523,1302,R
G0258574.JPG,1491,1583,S
G0258574.JPG,1449,1666,S
G0258574.JPG,1530,1783,SP
G0258574.JPG,1527,2098,Agl
G0258574.JPG,1474,2219,SP
G0258574.JPG,1444,2362,SP
G0258574.JPG,1519,2502,Lobvar
G0258574.JPG,1430,2700,SP
G0258574.JPG,1449,2914,SP
G0258574.JPG,1531,3063,R
G0258574.JPG,1517,3209,R
G0258574.JPG,1455,3399,R
G0258574.JPG,1460,3558,R
G0258574.JPG,1469,3661,R
G0258574.JPG,1492,3942,S
G0258574.JPG,1453,4102,S
G0258574.JPG,1431,4272,S
G0258574.JPG,1473,4328,S
G0258574.JPG,1509,4485,S
G0258574.JPG,1519,4754,R
G0258574.JPG,1441,4953,S
G0258574.JPG,1555,5028,S
G0258574.JPG,1506,5213,S
G0258574.JPG,1625,287,TA
G0258574.JPG,1676,597,R
G0258574.JPG,1627,704,Xe
G0258574.JPG,1596,864,Xe
G0258574.JPG,1573,992,Xe
G0258574.JPG,1581,1153,SC
G0258574.JPG,1629,1439,S
G0258574.JPG,1605,1464,S
G0258574.JPG,1654,1713,S
G0258574.JPG,1601,1824,SP
G0258574.JPG,1664,2069,Rhy
G0258574.JPG,1595,2125,Agl
G0258574.JPG,1672,2293,Agl
G0258574.JPG,1660,2454,RA
G0258574.JPG,1647,2774,TA
G0258574.JPG,1661,2934,Xe
G0258574.JPG,1702,2984,SP
G0258574.JPG,1671,3270,R
G0258574.JPG,1595,3423,R
G0258574.JPG,1623,3541,R
G0258574.JPG,1630,3703,S
G0258574.JPG,1598,3816,Rhy
G0258574.JPG,1638,4073,TA
G0258574.JPG,1559,4261,TA
G0258574.JPG,1568,4341,S
G0258574.JPG,1585,4566,Xe
G0258574.JPG,1562,4737,S
G0258574.JPG,1673,4838,Rhy
G0258574.JPG,1600,5063,S
G0258574.JPG,1580,5288,S
G0258574.JPG,1725,326,SC
G0258574.JPG,1730,575,TA
G0258574.JPG,1830,754,TA
G0258574.JPG,1798,903,R
G0258574.JPG,1786,1031,R
G0258574.JPG,1848,1117,R
G0258574.JPG,1742,1333,S
G0258574.JPG,1825,1563,S
G0258574.JPG,1825,1631,S
G0258574.JPG,1832,1855,SP
G0258574.JPG,1801,2040,RA
G0258574.JPG,1811,2230,RA
G0258574.JPG,1755,2381,RA
G0258574.JPG,1801,2518,RA
G0258574.JPG,1732,2745,Hydro
G0258574.JPG,1738,2820,R
G0258574.JPG,1796,3075,SP
G0258574.JPG,1837,3238,SP
G0258574.JPG,1802,3346,R
G0258574.JPG,1718,3567,R
G0258574.JPG,1844,3735,SP
G0258574.JPG,1768,3810,SP
G0258574.JPG,1766,3956,SP
G0258574.JPG,1708,4171,SP
G0258574.JPG,1804,4408,SP
G0258574.JPG,1821,4483,SP
G0258574.JPG,1758,4668,S
G0258574.JPG,1744,4821,Rhy
G0258574.JPG,1835,5052,R
G0258574.JPG,1761,5175,R
G0258574.JPG,1949,303,TA
G0258574.JPG,1902,497,SP
G0258574.JPG,1991,663,Agl
G0258574.JPG,1928,919,Rhy
G0258574.JPG,1979,946,Rhy
G0258574.JPG,1971,1148,Rhy
G0258574.JPG,1905,1409,R
G0258574.JPG,1862,1571,R
G0258574.JPG,1960,1747,S
G0258574.JPG,1995,1808,S
G0258574.JPG,1903,2106,Hydro
G0258574.JPG,1965,2115,TA
G0258574.JPG,1861,2347,TA
G0258574.JPG,1979,2539,TA
G0258574.JPG,1996,2617,Xe
G0258574.JPG,1909,2822,TA
G0258574.JPG,1870,2975,SP
G0258574.JPG,1886,3186,SP
G0258574.JPG,1929,3451,R
G0258574.JPG,1952,3471,TA
G0258574.JPG,1852,3690,R
G0258574.JPG,1885,3821,SP
G0258574.JPG,1904,3984,SP
G0258574.JPG,1900,4218,SP
G0258574.JPG,1974,4305,SP
G0258574.JPG,1853,4591,SP
G0258574.JPG,1966,4654,SP
G0258574.JPG,1951,4862,SP
G0258574.JPG,1931,5000,R
G0258574.JPG,1968,5207,Xe
G0258574.JPG,2093,323,TA
G0258574.JPG,2124,552,RA
G0258574.JPG,2021,640,Agl
G0258574.JPG,2009,833,Rhy
G0258574.JPG,2137,1089,Rhy
G0258574.JPG,2003,1262,R
G0258574.JPG,2103,1308,R
G0258574.JPG,2073,1502,R
G0258574.JPG,2142,1752,R
G0258574.JPG,2096,1848,S
G0258574.JPG,2010,2014,Rhy
G0258574.JPG,1997,2143,TA
G0258574.JPG,2024,2381,TA
G0258574.JPG,2052,2511,Xe
G0258574.JPG,2134,2636,Xe
G0258574.JPG,2022,2923,SP
G0258574.JPG,2089,3064,SP
G0258574.JPG,2100,3167,RA
G0258574.JPG,2084,3430,TA
G0258574.JPG,2120,3477,R
G0258574.JPG,2050,3670,Lobvar
G0258574.JPG,2012,3939,SP
G0258574.JPG,2139,4081,Rhy
G0258574.JPG,2005,4279,SP
G0258574.JPG,2109,4389,SP
G0258574.JPG,2028,4596,SP
G0258574.JPG,2074,4757,Rhy
G0258574.JPG,2141,4928,Xe
G0258574.JPG,2128,5089,Xe
G0258574.JPG,2097,5163,RA
G0258574.JPG,2235,282,Agl
G0258574.JPG,2272,524,TA
G0258574.JPG,2240,754,S
G0258574.JPG,2233,804,S
G0258574.JPG,2234,978,R
G0258574.JPG,2203,1185,Rhy
G0258574.JPG,2178,1310,R
G0258574.JPG,2240,1613,R
G0258574.JPG,2283,1669,S
G0258574.JPG,2216,1887,Xe
G0258574.JPG,2174,2014,R
G0258574.JPG,2210,2183,R
G0258574.JPG,2263,2406,R
G0258574.JPG,2218,2589,Xe
G0258574.JPG,2203,2727,Xe
G0258574.JPG,2212,2794,Xe
G0258574.JPG,2151,3081,RA
G0258574.JPG,2204,3125,Xe
G0258574.JPG,2259,3296,TA
G0258574.JPG,2166,3612,R
G0258574.JPG,2229,3768,R
G0258574.JPG,2252,3890,TA
G0258574.JPG,2223,3993,TA
G0258574.JPG,2169,4188,TA
G0258574.JPG,2143,4321,SP
G0258574.JPG,2194,4584,SP
G0258574.JPG,2165,4638,SP
G0258574.JPG,2262,4944,R
G0258574.JPG,2235,4984,R
G0258574.JPG,2230,5275,Lobvar
G0258574.JPG,2392,350,SP
G0258574.JPG,2396,459,SP
G0258574.JPG,2348,738,S
G0258574.JPG,2292,944,R
G0258574.JPG,2393,993,TA
G0258574.JPG,2317,1260,R
G0258574.JPG,2357,1280,R
G0258574.JPG,2350,1529,S
G0258574.JPG,2315,1623,S
G0258574.JPG,2371,1862,S
G0258574.JPG,2410,2010,TA
G0258574.JPG,2318,2138,R
G0258574.JPG,2327,2434,R
G0258574.JPG,2350,2520,TA
G0258574.JPG,2344,2720,Xe
G0258574.JPG,2370,2784,Xe
G0258574.JPG,2355,3039,TA
G0258574.JPG,2395,3215,S
G0258574.JPG,2359,3340,R
G0258574.JPG,2289,3606,TA
G0258574.JPG,2428,3751,R
G0258574.JPG,2342,3900,Lobvar
G0258574.JPG,2394,4112,Lobvar
G0258574.JPG,2434,4136,TA
G0258574.JPG,2352,4413,SP
G0258574.JPG,2389,4468,R
G0258574.JPG,2339,4650,Lobvar
G0258574.JPG,2372,4865,R
G0258574.JPG,2313,5054,Lobvar
G0258574.JPG,2294,5142,Lobvar
G0258574.JPG,2468,328,SP
G0258574.JPG,2472,522,Rhy
G0258574.JPG,2568,671,Xe
G0258574.JPG,2528,790,Xe
G0258574.JPG,2490,968,R
G0258574.JPG,2438,1141,TA
G0258574.JPG,2556,1433,S
G0258574.JPG,2553,1537,S
G0258574.JPG,2449,1755,S
G0258574.JPG,2443,1810,S
G0258574.JPG,2566,2102,TA
G0258574.JPG,2495,2281,TA
G0258574.JPG,2531,2386,R
G0258574.JPG,2493,2502,Xe
G0258574.JPG,2504,2616,Xe
G0258574.JPG,2467,2801,Xe
G0258574.JPG,2559,3007,TA
G0258574.JPG,2546,3199,R
G0258574.JPG,2540,3291,R
G0258574.JPG,2571,3486,R
G0258574.JPG,2497,3704,Lobvar
G0258574.JPG,2518,3891,R
G0258574.JPG,2517,3954,R
G0258574.JPG,2490,4189,Lobvar
G0258574.JPG,2498,4354,Lobvar
G0258574.JPG,2464,4609,R
G0258574.JPG,2441,4637,R
G0258574.JPG,2502,4909,RA
G0258574.JPG,2574,4979,TA
G0258574.JPG,2444,5234,R
G0258574.JPG,2653,328,TA
G0258574.JPG,2700,523,TA
G0258574.JPG,2727,673,Xe
G0258574.JPG,2600,898,Lobvar
G0258574.JPG,2721,1090,R
G0258574.JPG,2655,1184,Lobvar
G0258574.JPG,2695,1387,Xe
G0258574.JPG,2717,1514,Xe
G0258574.JPG,2680,1621,R
G0258574.JPG,2674,1932,R
G0258574.JPG,2721,1986,S
G0258574.JPG,2585,2149,TA
G0258574.JPG,2639,2304,R
G0258574.JPG,2584,2574,Rhy
G0258574.JPG,2619,2671,R
G0258574.JPG,2588,2870,TA
G0258574.JPG,2664,3107,S
G0258574.JPG,2696,3218,R
G0258574.JPG,2602,3413,R
G0258574.JPG,2618,3498,R
G0258574.JPG,2626,3651,Lobvar
G0258574.JPG,2678,3803,R
G0258574.JPG,2703,4101,Lobvar
G0258574.JPG,2686,4281,S
G0258574.JPG,2702,4351,SP
G0258574.JPG,2642,4505,Lobvar
G0258574.JPG,2705,4652,Xe
G0258574.JPG,2644,4946,TA
G0258574.JPG,2720,4972,R
G0258574.JPG,2720,5281,R
G0258574.JPG,2845,278,S
G0258574.JPG,2827,584,Lobvar
G0258574.JPG,2846,622,SP
G0258574.JPG,2793,934,S
G0258574.JPG,2735,1014,R
G0258574.JPG,2824,1197,S
G0258574.JPG,2799,1299,S
G0258574.JPG,2867,1489,S
G0258574.JPG,2829,1649,S
G0258574.JPG,2822,1851,S
G0258574.JPG,2844,1974,S
G0258574.JPG,2839,2190,S
G0258574.JPG,2729,2309,TA
G0258574.JPG,2736,2564,S
G0258574.JPG,2822,2763,S
G0258574.JPG,2748,2813,Hydro
G0258574.JPG,2801,3023,S
G0258574.JPG,2836,3213,R
G0258574.JPG,2806,3446,TA
G0258574.JPG,2735,3490,R
G0258574.JPG,2788,3662,R
G0258574.JPG,2820,3894,R
G0258574.JPG,2802,4086,R
G0258574.JPG,2735,4207,S
G0258574.JPG,2761,4351,SP
G0258574.JPG,2790,4593,SC
G0258574.JPG,2819,4781,R
G0258574.JPG,2794,4879,R
G0258574.JPG,2831,5076,R
G0258574.JPG,2775,5161,TA
G0258574.JPG,2877,383,S
G0258574.JPG,3010,470,R
G0258574.JPG,2974,658,Lobvar
G0258574.JPG,2969,817,R
G0258574.JPG,2973,1090,S
G0258574.JPG,2948,1139,S
G0258574.JPG,2999,1369,S
G0258574.JPG,2898,1602,S
G0258574.JPG,2969,1722,S
G0258574.JPG,2986,1794,S
G0258574.JPG,2928,2006,S
G0258574.JPG,3010,2129,S
G0258574.JPG,2932,2431,R
G0258574.JPG,2875,2539,R
G0258574.JPG,3019,2766,S
G0258574.JPG,2890,2919,S
G0258574.JPG,2947,2987,S
G0258574.JPG,2902,3125,R
G0258574.JPG,2918,3296,R
G0258574.JPG,2886,3518,R
G0258574.JPG,3000,3753,R
G0258574.JPG,2944,3814,R
G0258574.JPG,2932,3955,S
G0258574.JPG,2884,4156,R
G0258574.JPG,2930,4396,Xe
G0258574.JPG,2883,4588,SP
G0258574.JPG,3001,4631,Rhy
G0258574.JPG,2903,4792,R
G0258574.JPG,2934,5018,Xe
G0258574.JPG,2961,5192,Xe
G0258574.JPG,3033,282,S
G0258574.JPG,3071,569,Xe
G0258574.JPG,3101,714,R
G0258574.JPG,3085,903,S
G0258574.JPG,3161,970,S
G0258574.JPG,3026,1228,S
G0258574.JPG,3023,1431,S
G0258574.JPG,3154,1498,R
G0258574.JPG,3162,1690,S
G0258574.JPG,3115,1884,S
G0258574.JPG,3130,2062,S
G0258574.JPG,3054,2143,S
G0258574.JPG,3032,2440,S
G0258574.JPG,3111,2586,R
G0258574.JPG,3032,2628,R
G0258574.JPG,3085,2817,S
G0258574.JPG,3108,3099,S
G0258574.JPG,3148,3176,S
G0258574.JPG,3166,3316,S
G0258574.JPG,3079,3504,R
G0258574.JPG,3140,3741,R
G0258574.JPG,3154,3911,S
G0258574.JPG,3158,4080,R
G0258574.JPG,3112,4231,R
G0258574.JPG,3120,4319,S
G0258574.JPG,3129,4614,Xe
G0258574.JPG,3048,4742,R
G0258574.JPG,3031,4811,R
G0258574.JPG,3112,5084,R
G0258574.JPG,3107,5227,Xe
G0258574.JPG,3310,361,S
G0258574.JPG,3266,452,S
G0258574.JPG,3290,706,S
G0258574.JPG,3271,889,S
G0258574.JPG,3203,946,S
G0258574.JPG,3218,1223,S
G0258574.JPG,3202,1429,R
G0258574.JPG,3228,1607,R
G0258574.JPG,3209,1777,S
G0258574.JPG,3301,1838,S
G0258574.JPG,3301,1967,S
G0258574.JPG,3236,2190,S
G0258574.JPG,3175,2332,S
G0258574.JPG,3220,2604,S
G0258574.JPG,3309,2697,R
G0258574.JPG,3255,2803,R
G0258574.JPG,3181,3034,S
G0258574.JPG,3233,3154,S
G0258574.JPG,3305,3428,R
G0258574.JPG,3176,3551,R
G0258574.JPG,3269,3698,R
G0258574.JPG,3181,3809,R
G0258574.JPG,3312,4047,R
G0258574.JPG,3307,4123,TA
G0258574.JPG,3216,4348,S
G0258574.JPG,3265,4557,R
G0258574.JPG,3219,4677,R
G0258574.JPG,3212,4901,R
G0258574.JPG,3198,4998,R
G0258574.JPG,3189,5278,Xe
G0258574.JPG,3368,400,S
G0258574.JPG,3317,579,S
G0258574.JPG,3351,665,S
G0258574.JPG,3357,868,S
G0258574.JPG,3408,1005,S
G0258574.JPG,3341,1139,S
G0258574.JPG,3316,1301,S
G0258574.JPG,3424,1497,S
G0258574.JPG,3355,1647,S
G0258574.JPG,3350,1861,S
G0258574.JPG,3436,1985,S
G0258574.JPG,3457,2194,S
G0258574.JPG,3396,2398,Rhy
G0258574.JPG,3429,2473,Rhy
G0258574.JPG,3369,2778,RA
G0258574.JPG,3410,2912,S
G0258574.JPG,3427,3027,S
G0258574.JPG,3425,3177,S
G0258574.JPG,3400,3308,R
G0258574.JPG,3391,3557,R
G0258574.JPG,3450,3745,R
G0258574.JPG,3322,3882,R
G0258574.JPG,3431,4000,R
G0258574.JPG,3427,4196,S
G0258574.JPG,3430,4354,R
G0258574.JPG,3455,4521,S
G0258574.JPG,3453,4704,S
G0258574.JPG,3429,4922,R
G0258574.JPG,3395,4961,R
G0258574.JPG,3424,5209,S
G0258574.JPG,3532,304,R
G0258574.JPG,3472,487,S
G0258574.JPG,3460,685,S
G0258574.JPG,3504,892,S
G0258574.JPG,3487,989,S
G0258574.JPG,3527,1126,S
G0258574.JPG,3542,1433,S
G0258574.JPG,3591,1570,S
G0258574.JPG,3463,1707,S
G0258574.JPG,3496,1881,S
G0258574.JPG,3544,2017,S
G0258574.JPG,3546,2223,Rhy
G0258574.JPG,3504,2329,Rhy
G0258574.JPG,3581,2572,S
G0258574.JPG,3499,2692,Rhy
G0258574.JPG,3470,2874,S
G0258574.JPG,3580,2990,S
G0258574.JPG,3564,3211,PorB
G0258574.JPG,3549,3313,PorB
G0258574.JPG,3521,3454,R
G0258574.JPG,3551,3652,R
G0258574.JPG,3519,3863,S
G0258574.JPG,3601,3972,R
G0258574.JPG,3564,4204,R
G0258574.JPG,3523,4444,S
G0258574.JPG,3502,4567,S
G0258574.JPG,3586,4738,S
G0258574.JPG,3596,4821,R
G0258574.JPG,3526,5022,SP
G0258574.JPG,3584,5183,SP
G0258574.JPG,3742,435,R
G0258574.JPG,3633,608,S
G0258574.JPG,3744,738,S
G0258574.JPG,3658,811,S
G0258574.JPG,3676,1076,R
G0258574.JPG,3750,1240,S
G0258574.JPG,3679,1351,S
G0258574.JPG,3611,1458,S
G0258574.JPG,3652,1759,S
G0258574.JPG,3744,1809,S
G0258574.JPG,3621,2104,S
G0258574.JPG,3693,2140,S
G0258574.JPG,3607,2309,Rhy
G0258574.JPG,3665,2486,R
G0258574.JPG,3673,2710,S
G0258574.JPG,3721,2903,S
G0258574.JPG,3674,3076,S
G0258574.JPG,3629,3274,PorB
G0258574.JPG,3643,3365,PorB
G0258574.JPG,3682,3606,R
G0258574.JPG,3742,3683,R
G0258574.JPG,3701,3795,TA
G0258574.JPG,3680,4060,TA
G0258574.JPG,3696,4233,R
G0258574.JPG,3703,4326,R
G0258574.JPG,3607,4482,S
G0258574.JPG,3622,4648,S
G0258574.JPG,3613,4846,R
G0258574.JPG,3742,5075,R
G0258574.JPG,3679,5172,S
G0258574.JPG,3892,310,S
G0258574.JPG,3854,608,R
G0258574.JPG,3836,722,S
G0258574.JPG,3780,856,S
G0258574.JPG,3825,971,R
G0258574.JPG,3887,1163,R
G0258574.JPG,3875,1322,S
G0258574.JPG,3771,1448,S
G0258574.JPG,3780,1653,R
G0258574.JPG,3793,1920,S
G0258574.JPG,3785,1966,S
G0258574.JPG,3754,2245,S
G0258574.JPG,3851,2313,S
G0258574.JPG,3847,2454,S
G0258574.JPG,3826,2753,S
G0258574.JPG,3772,2865,S
G0258574.JPG,3894,2987,S
G0258574.JPG,3843,3196,R
G0258574.JPG,3753,3442,R
G0258574.JPG,3795,3616,R
G0258574.JPG,3792,3623,R
G0258574.JPG,3773,3919,TA
G0258574.JPG,3762,3975,PorB
G0258574.JPG,3763,4146,Didae
G0258574.JPG,3842,4402,S
G0258574.JPG,3754,4588,S
G0258574.JPG,3868,4776,R
G0258574.JPG,3867,4924,R
G0258574.JPG,3828,4957,R
G0258574.JPG,3811,5248,R
G0258574.JPG,3944,416,S
G0258574.JPG,3992,445,R
G0258574.JPG,3983,695,R
G0258574.JPG,4010,907,R
G0258574.JPG,4006,1018,R
G0258574.JPG,4029,1231,CCA
G0258574.JPG,3972,1430,R
G0258574.JPG,3927,1479,R
G0258574.JPG,3955,1729,R
G0258574.JPG,4023,1783,S
G0258574.JPG,4018,1949,S
G0258574.JPG,3962,2280,S
G0258574.JPG,3926,2341,S
G0258574.JPG,3938,2591,S
G0258574.JPG,3948,2698,S
G0258574.JPG,3941,2787,S
G0258574.JPG,4014,3107,S
G0258574.JPG,3912,3211,S
G0258574.JPG,4002,3366,Rhy
G0258574.JPG,4026,3579,S
G0258574.JPG,3959,3741,R
G0258574.JPG,3903,3923,PorB
G0258574.JPG,3898,4002,PorB
G0258574.JPG,3903,4204,S
G0258574.JPG,3949,4375,S
G0258574.JPG,3985,4511,S
G0258574.JPG,3995,4678,S
G0258574.JPG,3926,4892,R
G0258574.JPG,3948,4955,R
G0258574.JPG,3913,5286,R
G0258574.JPG,4167,286,R
G0258574.JPG,4158,573,S
G0258574.JPG,4163,721,R
G0258574.JPG,4103,867,R
G0258574.JPG,4114,1067,TA
G0258574.JPG,4186,1233,TA
G0258574.JPG,4060,1340,R
G0258574.JPG,4189,1512,R
G0258574.JPG,4059,1636,R
G0258574.JPG,4167,1840,S
G0258574.JPG,4080,2017,R
G0258574.JPG,4071,2159,S
G0258574.JPG,4131,2423,S
G0258574.JPG,4114,2535,S
G0258574.JPG,4070,2684,S
G0258574.JPG,4181,2869,S
G0258574.JPG,4157,3036,S
G0258574.JPG,4160,3120,R
G0258574.JPG,4164,3427,Xe
G0258574.JPG,4162,3586,S
G0258574.JPG,4181,3751,R
G0258574.JPG,4185,3896,S
G0258574.JPG,4101,3983,R
G0258574.JPG,4077,4140,R
G0258574.JPG,4154,4348,Rhy
G0258574.JPG,4142,4590,S
G0258574.JPG,4068,4640,S
G0258574.JPG,4085,4889,R
G0258574.JPG,4050,4974,S
G0258574.JPG,4049,5280,S
G0258574.JPG,4294,316,R
G0258574.JPG,4246,573,R
G0258574.JPG,4260,742,R
G0258574.JPG,4223,925,R
G0258574.JPG,4190,1084,CCA
G0258574.JPG,4274,1119,R
G0258574.JPG,4256,1438,R
G0258574.JPG,4275,1579,S
G0258574.JPG,4255,1712,S
G0258574.JPG,4298,1821,S
G0258574.JPG,4283,1961,S
G0258574.JPG,4325,2226,R
G0258574.JPG,4291,2327,S
G0258574.JPG,4273,2466,S
G0258574.JPG,4318,2707,R
G0258574.JPG,4235,2850,R
G0258574.JPG,4223,2993,S
G0258574.JPG,4256,3245,S
G0258574.JPG,4321,3301,S
G0258574.JPG,4266,3530,S
G0258574.JPG,4253,3697,S
G0258574.JPG,4319,3928,S
G0258574.JPG,4268,3975,S
G0258574.JPG,4260,4223,S
G0258574.JPG,4299,4350,Xe
G0258574.JPG,4213,4469,S
G0258574.JPG,4253,4660,S
G0258574.JPG,4201,4874,R
G0258574.JPG,4317,5074,R
G0258574.JPG,4198,5141,S
G0258574.JPG,4453,399,R
G0258574.JPG,4454,592,R
G0258574.JPG,4405,631,R
G0258574.JPG,4361,794,R
G0258574.JPG,4415,1092,R
G0258574.JPG,4425,1124,R
G0258574.JPG,4383,1391,S
G0258574.JPG,4392,1582,S
G0258574.JPG,4385,1739,S
G0258574.JPG,4353,1837,S
G0258574.JPG,4365,2063,S
G0258574.JPG,4350,2122,R
G0258574.JPG,4424,2330,R
G0258574.JPG,4361,2520,S
G0258574.JPG,4380,2645,S
G0258574.JPG,4341,2920,S
G0258574.JPG,4396,3002,R
G0258574.JPG,4340,3131,S
G0258574.JPG,4420,3345,S
G0258574.JPG,4407,3595,S
G0258574.JPG,4365,3650,S
G0258574.JPG,4478,3822,S
G0258574.JPG,4418,3969,S
G0258574.JPG,4368,4151,S
G0258574.JPG,4338,4313,Rhy
G0258574.JPG,4341,4454,Xe
G0258574.JPG,4347,4637,S
G0258574.JPG,4383,4905,R
G0258574.JPG,4428,4965,R
G0258574.JPG,4422,5232,R
G0258574.JPG,4486,374,R
G0258574.JPG,4542,449,R
G0258574.JPG,4567,729,R
G0258574.JPG,4620,848,R
G0258574.JPG,4620,979,R
G0258574.JPG,4488,1275,R
G0258574.JPG,4486,1424,S
G0258574.JPG,4560,1475,Xe
G0258574.JPG,4511,1639,Rhy
G0258574.JPG,4579,1813,R
G0258574.JPG,4581,1956,R
G0258574.JPG,4534,2267,S
G0258574.JPG,4581,2328,S
G0258574.JPG,4609,2562,S
G0258574.JPG,4523,2721,S
G0258574.JPG,4611,2944,S
G0258574.JPG,4563,3060,S
G0258574.JPG,4530,3138,R
G0258574.JPG,4564,3428,S
G0258574.JPG,4571,3485,S
G0258574.JPG,4567,3627,R
G0258574.JPG,4535,3852,S
G0258574.JPG,4555,3978,S
G0258574.JPG,4594,4203,R
G0258574.JPG,4494,4288,R
G0258574.JPG,4514,4576,S
G0258574.JPG,4600,4685,S
G0258574.JPG,4503,4806,S
G0258574.JPG,4487,5104,R
G0258574.JPG,4617,5175,R
G0258577.JPG,278,391,Frame
G0258577.JPG,365,540,Frame
G0258577.JPG,270,772,Frame
G0258577.JPG,331,810,Frame
G0258577.JPG,317,1091,Frame
G0258577.JPG,361,1225,Frame
G0258577.JPG,369,1353,Frame
G0258577.JPG,347,1470,Frame
G0258577.JPG,271,1711,Frame
G0258577.JPG,264,1879,Frame
G0258577.JPG,336,2054,Frame
G0258577.JPG,257,2268,Frame
G0258577.JPG,277,2448,Frame
G0258577.JPG,312,2575,Frame
G0258577.JPG,263,2770,Frame
G0258577.JPG,358,2907,Frame
G0258577.JPG,367,2992,Frame
G0258577.JPG,283,3274,Frame
G0258577.JPG,292,3428,Frame
G0258577.JPG,252,3558,Frame
G0258577.JPG,270,3646,Frame
G0258577.JPG,319,3947,Frame
G0258577.JPG,252,4065,Frame
G0258577.JPG,276,4172,Frame
G0258577.JPG,272,4368,Frame
G0258577.JPG,359,4574,Frame
G0258577.JPG,293,4746,Frame
G0258577.JPG,265,4816,Frame
G0258577.JPG,306,5076,Frame
G0258577.JPG,275,5169,Frame
G0258577.JPG,394,358,Frame
G0258577.JPG,486,555,Frame
G0258577.JPG,471,751,Frame
G0258577.JPG,414,890,Frame
G0258577.JPG,391,953,Frame
G0258577.JPG,450,1201,Frame
G0258577.JPG,400,1289,Frame
G0258577.JPG,533,1536,Frame
G0258577.JPG,499,1748,Frame
G0258577.JPG,467,1920,Frame
G0258577.JPG,520,2008,Frame
G0258577.JPG,525,2144,Frame
G0258577.JPG,390,2395,Frame
G0258577.JPG,411,2471,Frame
G0258577.JPG,504,2663,Frame
G0258577.JPG,389,2875,Frame
G0258577.JPG,483,2975,Frame
G0258577.JPG,443,3190,Frame
G0258577.JPG,425,3411,Frame
G0258577.JPG,513,3469,Frame
G0258577.JPG,411,3621,Frame
G0258577.JPG,494,3838,Frame
G0258577.JPG,440,3985,Frame
G0258577.JPG,501,4207,Frame
G0258577.JPG,418,4419,Frame
G0258577.JPG,450,4502,Frame
G0258577.JPG,456,4671,Frame
G0258577.JPG,405,4932,Frame
G0258577.JPG,426,5012,Frame
G0258577.JPG,409,5160,Frame
G0258577.JPG,632,331,HS_AR
G0258577.JPG,658,562,Frame
G0258577.JPG,628,675,Frame
G0258577.JPG,538,867,Frame
G0258577.JPG,559,1108,Frame
G0258577.JPG,608,1256,Frame
G0258577.JPG,604,1361,Frame
G0258577.JPG,603,1532,Frame
G0258577.JPG,598,1686,Frame
G0258577.JPG,560,1887,Frame
G0258577.JPG,541,2016,Frame
G0258577.JPG,605,2213,Frame
G0258577.JPG,592,2393,Frame
G0258577.JPG,570,2450,Frame
G0258577.JPG,544,2719,Frame
G0258577.JPG,555,2833,Frame
G0258577.JPG,565,3105,Frame
G0258577.JPG,597,3174,Frame
G0258577.JPG,539,3297,Frame
G0258577.JPG,549,3562,Frame
G0258577.JPG,640,3733,Frame
G0258577.JPG,672,3919,Frame
G0258577.JPG,617,4103,Frame
G0258577.JPG,680,4206,Frame
G0258577.JPG,676,4367,Frame
G0258577.JPG,581,4465,Frame
G0258577.JPG,551,4740,Frame
G0258577.JPG,647,4858,Frame
G0258577.JPG,563,4988,Frame
G0258577.JPG,604,5173,Frame
G0258577.JPG,725,357,Frame
G0258577.JPG,746,561,Frame
G0258577.JPG,791,664,Acr
G0258577.JPG,760,814,Frame
G0258577.JPG,815,961,Frame
G0258577.JPG,802,1187,Frame
G0258577.JPG,809,1318,Frame
G0258577.JPG,709,1533,Frame
G0258577.JPG,692,1748,Frame
G0258577.JPG,808,1804,Frame
G0258577.JPG,816,1972,Frame
G0258577.JPG,694,2256,Frame
G0258577.JPG,740,2328,Frame
G0258577.JPG,729,2459,Frame
G0258577.JPG,759,2669,Frame
G0258577.JPG,696,2924,Frame
G0258577.JPG,778,3073,Frame
G0258577.JPG,696,3168,Frame
G0258577.JPG,704,3393,Frame
G0258577.JPG,751,3552,Frame
G0258577.JPG,793,3752,Frame
G0258577.JPG,753,3794,Frame
G0258577.JPG,777,4078,Frame
G0258577.JPG,767,4237,Frame
G0258577.JPG,725,4431,Frame
G0258577.JPG,798,4606,Frame
G0258577.JPG,752,4712,Frame
G0258577.JPG,812,4938,Frame
G0258577.JPG,712,4997,Frame
G0258577.JPG,798,5199,Frame
G0258577.JPG,882,403,SP
G0258577.JPG,942,470,HS_AR
G0258577.JPG,868,650,Acr
G0258577.JPG,866,801,TA
G0258577.JPG,958,1011,Acr
G0258577.JPG,866,1191,Frame
G0258577.JPG,895,1330,Frame
G0258577.JPG,960,1503,Frame
G0258577.JPG,937,1771,Frame
G0258577.JPG,961,1917,Frame
G0258577.JPG,962,1961,Frame
G0258577.JPG,951,2219,TA
G0258577.JPG,958,2282,TA
G0258577.JPG,902,2468,Frame
G0258577.JPG,930,2759,Frame
G0258577.JPG,915,2799,Frame
G0258577.JPG,948,3044,Frame
G0258577.JPG,880,3270,Frame
G0258577.JPG,844,3301,Frame
G0258577.JPG,845,3478,Frame
G0258577.JPG,834,3654,Frame
G0258577.JPG,890,3860,Frame
G0258577.JPG,850,4104,Frame
G0258577.JPG,957,4134,Frame
G0258577.JPG,865,4296,Frame
G0258577.JPG,845,4570,Frame
G0258577.JPG,943,4695,Frame
G0258577.JPG,917,4830,Frame
G0258577.JPG,876,5048,Frame
G0258577.JPG,950,5264,Frame
G0258577.JPG,999,350,HS_AR
G0258577.JPG,1075,532,Rhy
G0258577.JPG,1003,656,TA
G0258577.JPG,1079,827,TA
G0258577.JPG,1030,1070,TA
G0258577.JPG,1022,1248,Acr
G0258577.JPG,1083,1423,SC
G0258577.JPG,984,1465,Frame
G0258577.JPG,1076,1730,Frame
G0258577.JPG,986,1876,Frame
G0258577.JPG,978,1964,Frame
G0258577.JPG,1008,2195,HS_AR
G0258577.JPG,1109,2310,S
G0258577.JPG,998,2469,HS_AR
G0258577.JPG,1014,2629,Frame
G0258577.JPG,1099,2895,PorM
G0258577.JPG,975,3096,Frame
G0258577.JPG,1082,3158,Frame
G0258577.JPG,1119,3328,HS_AR
G0258577.JPG,1108,3484,Frame
G0258577.JPG,1078,3704,Frame
G0258577.JPG,976,3889,Frame
G0258577.JPG,1075,3998,Frame
G0258577.JPG,976,4274,Frame
G0258577.JPG,1006,4296,Frame
G0258577.JPG,1099,4580,Frame
G0258577.JPG,1047,4742,Frame
G0258577.JPG,1009,4919,Frame
G0258577.JPG,977,4961,Frame
G0258577.JPG,1037,5219,Frame
G0258577.JPG,1240,281,Acr
G0258577.JPG,1141,524,TA
G0258577.JPG,1220,684,TA
G0258577.JPG,1191,809,TA
G0258577.JPG,1197,1077,Rhy
G0258577.JPG,1235,1262,TA
G0258577.JPG,1196,1291,R
G0258577.JPG,1241,1556,S
G0258577.JPG,1142,1678,Frame
G0258577.JPG,1263,1860,S
G0258577.JPG,1147,2037,TA
G0258577.JPG,1237,2241,TA
G0258577.JPG,1127,2360,Xe
G0258577.JPG,1126,2613,S
G0258577.JPG,1120,2667,SC
G0258577.JPG,1259,2939,TA
G0258577.JPG,1230,3051,R
G0258577.JPG,1244,3232,R
G0258577.JPG,1195,3442,HS_AR
G0258577.JPG,1141,3542,Frame
G0258577.JPG,1130,3763,Frame
G0258577.JPG,1215,3837,HS_AR
G0258577.JPG,1135,4089,Frame
G0258577.JPG,1252,4178,S
G0258577.JPG,1199,4403,HS_AR
G0258577.JPG,1248,4466,S
G0258577.JPG,1164,4765,Frame
G0258577.JPG,1120,4831,Frame
G0258577.JPG,1199,5092,HS_AR
G0258577.JPG,1197,5237,HS_AR
G0258577.JPG,1321,412,Rhy
G0258577.JPG,1317,510,Rhy
G0258577.JPG,1411,624,SP
G0258577.JPG,1389,938,TA
G0258577.JPG,1398,950,TA
G0258577.JPG,1312,1279,Xe
G0258577.JPG,1307,1362,TA
G0258577.JPG,1393,1447,S
G0258577.JPG,1399,1675,Xe
G0258577.JPG,1358,1925,Xe
G0258577.JPG,1405,2001,S
G0258577.JPG,1292,2261,Sar
G0258577.JPG,1268,2338,TA
G0258577.JPG,1406,2488,Agl
G0258577.JPG,1402,2632,S
G0258577.JPG,1379,2888,HS_AR
G0258577.JPG,1306,3109,R
G0258577.JPG,1305,3156,R
G0258577.JPG,1331,3450,R
G0258577.JPG,1357,3526,R
G0258577.JPG,1296,3775,S
G0258577.JPG,1354,3949,R
G0258577.JPG,1384,4081,R
G0258577.JPG,1383,4167,R
G0258577.JPG,1272,4366,R
G0258577.JPG,1395,4549,Xe
G0258577.JPG,1284,4664,S
G0258577.JPG,1410,4937,Rhy
G0258577.JPG,1314,5076,S
G0258577.JPG,1348,5268,Xe
G0258577.JPG,1531,375,Rhy
G0258577.JPG,1501,520,Acr
G0258577.JPG,1552,682,Acr
G0258577.JPG,1449,781,SP
G0258577.JPG,1442,1100,TA
G0258577.JPG,1468,1264,S
G0258577.JPG,1461,1312,S
G0258577.JPG,1485,1546,Xe
G0258577.JPG,1468,1759,Xe
G0258577.JPG,1470,1944,SP
G0258577.JPG,1504,2104,SP
G0258577.JPG,1500,2132,R
G0258577.JPG,1487,2433,Xe
G0258577.JPG,1481,2591,S
G0258577.JPG,1463,2717,S
G0258577.JPG,1423,2907,HS_AR
G0258577.JPG,1518,3032,S
G0258577.JPG,1537,3224,S
G0258577.JPG,1483,3345,R
G0258577.JPG,1512,3613,S
G0258577.JPG,1488,3765,R
G0258577.JPG,1466,3861,R
G0258577.JPG,1416,4024,R
G0258577.JPG,1528,4133,R
G0258577.JPG,1418,4392,S
G0258577.JPG,1462,4550,R
G0258577.JPG,1466,4639,R
G0258577.JPG,1469,4851,S
G0258577.JPG,1521,5045,S
G0258577.JPG,1481,5254,Xe
G0258577.JPG,1686,353,Rhy
G0258577.JPG,1577,536,Rhy
G0258577.JPG,1630,769,TA
G0258577.JPG,1639,847,TA
G0258577.JPG,1574,1044,S
G0258577.JPG,1699,1177,SP
G0258577.JPG,1567,1353,SP
G0258577.JPG,1672,1561,SP
G0258577.JPG,1650,1717,SP
G0258577.JPG,1584,1867,SP
G0258577.JPG,1651,2104,SP
G0258577.JPG,1571,2228,SP
G0258577.JPG,1569,2370,SP
G0258577.JPG,1604,2502,SP
G0258577.JPG,1559,2738,R
G0258577.JPG,1629,2871,TA
G0258577.JPG,1589,3049,S
G0258577.JPG,1703,3188,SP
G0258577.JPG,1565,3392,S
G0258577.JPG,1563,3476,R
G0258577.JPG,1624,3763,R
G0258577.JPG,1698,3818,S
G0258577.JPG,1594,4054,S
G0258577.JPG,1604,4231,R
G0258577.JPG,1613,4413,S
G0258577.JPG,1625,4468,S
G0258577.JPG,1565,4680,R
G0258577.JPG,1683,4910,S
G0258577.JPG,1623,5062,S
G0258577.JPG,1631,5161,S
G0258577.JPG,1713,283,Rhy
G0258577.JPG,1746,541,Rhy
G0258577.JPG,1795,715,R
G0258577.JPG,1739,917,Agl
G0258577.JPG,1786,1032,SP
G0258577.JPG,1789,1202,Agl
G0258577.JPG,1829,1441,Agl
G0258577.JPG,1729,1481,Agl
G0258577.JPG,1761,1771,Agl
G0258577.JPG,1830,1891,RA
G0258577.JPG,1836,2042,RA
G0258577.JPG,1767,2260,SP
G0258577.JPG,1812,2355,Xe
G0258577.JPG,1773,2516,SP
G0258577.JPG,1805,2636,TA
G0258577.JPG,1783,2885,R
G0258577.JPG,1814,3057,SP
G0258577.JPG,1746,3133,SP
G0258577.JPG,1744,3406,SP
G0258577.JPG,1765,3561,Xe
G0258577.JPG,1809,3767,SP
G0258577.JPG,1803,3880,SP
G0258577.JPG,1714,4086,S
G0258577.JPG,1728,4207,S
G0258577.JPG,1744,4408,S
G0258577.JPG,1826,4506,R
G0258577.JPG,1718,4621,S
G0258577.JPG,1716,4864,S
G0258577.JPG,1844,5098,R
G0258577.JPG,1713,5222,Rhy
G0258577.JPG,1865,286,S
G0258577.JPG,1917,599,R
G0258577.JPG,1877,627,Lobvar
G0258577.JPG,1861,878,TA
G0258577.JPG,1965,968,TA
G0258577.JPG,1913,1225,Agl
G0258577.JPG,1920,1333,Agl
G0258577.JPG,1889,1476,SP
G0258577.JPG,1898,1689,Rhy
G0258577.JPG,1991,1786,RA
G0258577.JPG,1882,2098,TA
G0258577.JPG,1896,2245,SP
G0258577.JPG,1915,2393,R
G0258577.JPG,1961,2459,SP
G0258577.JPG,1926,2656,Lobvar
G0258577.JPG,1915,2855,TA
G0258577.JPG,1918,3042,SP
G0258577.JPG,1901,3211,SP
G0258577.JPG,1903,3343,SP
G0258577.JPG,1941,3612,SP
G0258577.JPG,1971,3625,SP
G0258577.JPG,1918,3925,Cya
G0258577.JPG,1854,4003,R
G0258577.JPG,1910,4257,R
G0258577.JPG,1900,4364,R
G0258577.JPG,1870,4591,R
G0258577.JPG,1941,4738,R
G0258577.JPG,1935,4907,R
G0258577.JPG,1907,4959,R
G0258577.JPG,1971,5229,S
G0258577.JPG,2107,303,Agl
G0258577.JPG,2096,546,Acr
G0258577.JPG,2131,642,TA
G0258577.JPG,2021,916,TA
G0258577.JPG,2042,1058,Rhy
G0258577.JPG,2016,1202,Agl
G0258577.JPG,2005,1339,Hydro
G0258577.JPG,2017,1578,TA
G0258577.JPG,2010,1658,TA
G0258577.JPG,2137,1826,TA
G0258577.JPG,2013,2048,TA
G0258577.JPG,2015,2273,TA
G0258577.JPG,2059,2298,SP
G0258577.JPG,2128,2564,TA
G0258577.JPG,2019,2697,Lobvar
G0258577.JPG,2123,2849,SP
G0258577.JPG,2104,3054,SP
G0258577.JPG,2071,3273,SP
G0258577.JPG,2039,3397,Xe
G0258577.JPG,2060,3502,Xe
G0258577.JPG,2097,3667,SP
G0258577.JPG,2038,3925,SP
G0258577.JPG,2007,4006,SP
G0258577.JPG,2055,4214,TA
G0258577.JPG,2139,4305,R
G0258577.JPG,2128,4482,R
G0258577.JPG,1999,4668,R
G0258577.JPG,2010,4879,R
G0258577.JPG,2019,4988,R
G0258577.JPG,2015,5125,R
G0258577.JPG,2159,389,SP
G0258577.JPG,2245,564,Xe
G0258577.JPG,2192,653,S
G0258577.JPG,2208,875,TA
G0258577.JPG,2247,1072,R
G0258577.JPG,2222,1202,R
G0258577.JPG,2249,1362,R
G0258577.JPG,2196,1610,R
G0258577.JPG,2168,1729,TA
G0258577.JPG,2188,1868,Xe
G0258577.JPG,2179,2076,TA
G0258577.JPG,2234,2140,TA
G0258577.JPG,2170,2358,SP
G0258577.JPG,2236,2608,TA
G0258577.JPG,2177,2758,TA
G0258577.JPG,2185,2921,Lobvar
G0258577.JPG,2172,3029,SP
G0258577.JPG,2187,3181,Xe
G0258577.JPG,2242,3309,SP
G0258577.JPG,2271,3561,Xe
G0258577.JPG,2174,3707,SP
G0258577.JPG,2236,3910,SP
G0258577.JPG,2198,3955,Rhy
G0258577.JPG,2277,4165,Xe
G0258577.JPG,2169,4358,R
G0258577.JPG,2227,4580,Rhy
G0258577.JPG,2168,4661,R
G0258577.JPG,2183,4843,R
G0258577.JPG,2197,5102,Sar
G0258577.JPG,2287,5177,R
G0258577.JPG,2367,280,TA
G0258577.JPG,2423,540,Xe
G0258577.JPG,2331,712,S
G0258577.JPG,2328,790,S
G0258577.JPG,2411,1084,R
G0258577.JPG,2404,1211,R
G0258577.JPG,2361,1429,TA
G0258577.JPG,2328,1500,R
G0258577.JPG,2313,1772,Xe
G0258577.JPG,2397,1796,TA
G0258577.JPG,2299,1987,Xe
G0258577.JPG,2372,2177,SP
G0258577.JPG,2340,2396,RA
G0258577.JPG,2370,2494,RA
G0258577.JPG,2371,2684,Lobvar
G0258577.JPG,2427,2787,Lobvar
G0258577.JPG,2351,3039,Hydro
G0258577.JPG,2333,3182,Rhy
G0258577.JPG,2417,3327,SP
G0258577.JPG,2333,3572,SP
G0258577.JPG,2304,3678,SP
G0258577.JPG,2377,3940,SP
G0258577.JPG,2293,3967,SP
G0258577.JPG,2390,4140,Xe
G0258577.JPG,2427,4421,Rhy
G0258577.JPG,2317,4596,Rhy
G0258577.JPG,2311,4653,Rhy
G0258577.JPG,2356,4805,Sar
G0258577.JPG,2359,5088,Lobvar
G0258577.JPG,2363,5185,R
G0258577.JPG,2456,303,TA
G0258577.JPG,2482,451,Xe
G0258577.JPG,2454,689,S
G0258577.JPG,2443,877,TA
G0258577.JPG,2534,957,TA
G0258577.JPG,2572,1144,Lobvar
G0258577.JPG,2507,1335,Xe
G0258577.JPG,2520,1489,TA
G0258577.JPG,2548,1760,Xe
G0258577.JPG,2552,1833,Xe
G0258577.JPG,2574,2014,Xe
G0258577.JPG,2448,2195,TA
G0258577.JPG,2491,2426,TA
G0258577.JPG,2522,2556,TA
G0258577.JPG,2503,2618,Hydro
G0258577.JPG,2481,2850,Lobvar
G0258577.JPG,2496,3044,TA
G0258577.JPG,2512,3216,RA
G0258577.JPG,2473,3437,SP
G0258577.JPG,2578,3535,R
G0258577.JPG,2503,3777,SP
G0258577.JPG,2505,3942,R
G0258577.JPG,2563,4037,R
G0258577.JPG,2483,4120,Xe
G0258577.JPG,2573,4352,Lobvar
G0258577.JPG,2551,4583,R
G0258577.JPG,2463,4688,Rhy
G0258577.JPG,2456,4862,RA
G0258577.JPG,2458,5017,SP
G0258577.JPG,2444,5138,R
G0258577.JPG,2672,378,SP
G0258577.JPG,2582,477,Lobvar
G0258577.JPG,2660,617,Lobvar
G0258577.JPG,2654,869,R
G0258577.JPG,2714,1027,S
G0258577.JPG,2617,1207,S
G0258577.JPG,2688,1436,TA
G0258577.JPG,2687,1477,TA
G0258577.JPG,2706,1712,TA
G0258577.JPG,2618,1900,Xe
G0258577.JPG,2721,1998,TA
G0258577.JPG,2605,2154,TA
G0258577.JPG,2633,2442,TA
G0258577.JPG,2678,2589,S
G0258577.JPG,2585,2736,Hydro
G0258577.JPG,2606,2871,Hydro
G0258577.JPG,2583,3030,Lobvar
G0258577.JPG,2649,3224,SP
G0258577.JPG,2680,3291,Lobvar
G0258577.JPG,2673,3490,SP
G0258577.JPG,2590,3676,Lobvar
G0258577.JPG,2675,3842,Lobvar
G0258577.JPG,2619,4087,R
G0258577.JPG,2647,4145,R
G0258577.JPG,2659,4322,RA
G0258577.JPG,2599,4617,Lobvar
G0258577.JPG,2708,4691,Lobvar
G0258577.JPG,2708,4797,Lobvar
G0258577.JPG,2642,5028,Lobvar
G0258577.JPG,2726,5179,SP
G0258577.JPG,2803,314,SP
G0258577.JPG,2831,547,S
G0258577.JPG,2841,686,Xe
G0258577.JPG,2735,888,SC
G0258577.JPG,2821,1074,S
G0258577.JPG,2780,1243,R
G0258577.JPG,2762,1294,R
G0258577.JPG,2742,1491,R
G0258577.JPG,2807,1623,R
G0258577.JPG,2802,1807,Rhy
G0258577.JPG,2758,1952,TA
G0258577.JPG,2771,2115,TA
G0258577.JPG,2851,2365,R
G0258577.JPG,2865,2478,R
G0258577.JPG,2792,2662,S
G0258577.JPG,2783,2927,Lobvar
G0258577.JPG,2775,2970,Lobvar
G0258577.JPG,2817,3194,R
G0258577.JPG,2745,3371,Lobvar
G0258577.JPG,2821,3457,Lobvar
G0258577.JPG,2743,3772,R
G0258577.JPG,2828,3847,R
G0258577.JPG,2821,4002,TA
G0258577.JPG,2828,4284,TA
G0258577.JPG,2822,4449,Lobvar
G0258577.JPG,2837,4584,Lobvar
G0258577.JPG,2823,4728,R
G0258577.JPG,2872,4873,R
G0258577.JPG,2811,5037,Lobvar
G0258577.JPG,2746,5268,SP
G0258577.JPG,2901,332,S
G0258577.JPG,2967,447,S
G0258577.JPG,3003,628,S
G0258577.JPG,2901,860,S
G0258577.JPG,2879,1052,S
G0258577.JPG,2890,1211,S
G0258577.JPG,2932,1348,S
G0258577.JPG,2931,1459,R
G0258577.JPG,2964,1739,R
G0258577.JPG,2935,1869,Lobvar
G0258577.JPG,2893,1977,R
G0258577.JPG,2923,2255,R
G0258577.JPG,2998,2374,R
G0258577.JPG,2982,2461,R
G0258577.JPG,2977,2734,R
G0258577.JPG,3019,2897,R
G0258577.JPG,2922,3116,R
G0258577.JPG,2940,3173,Lobvar
G0258577.JPG,2922,3300,Lobvar
G0258577.JPG,2875,3615,Lobvar
G0258577.JPG,2976,3677,R
G0258577.JPG,2966,3825,R
G0258577.JPG,2961,3991,RA
G0258577.JPG,2874,4178,TA
G0258577.JPG,2904,4432,R
G0258577.JPG,2903,4565,R
G0258577.JPG,3001,4781,R
G0258577.JPG,2929,4950,R
G0258577.JPG,2924,5031,R
G0258577.JPG,2883,5236,R
G0258577.JPG,3134,319,S
G0258577.JPG,3144,548,R
G0258577.JPG,3072,685,S
G0258577.JPG,3045,930,S
G0258577.JPG,3062,1046,S
G0258577.JPG,3154,1179,S
G0258577.JPG,3064,1374,S
G0258577.JPG,3062,1447,S
G0258577.JPG,3038,1668,R
G0258577.JPG,3133,1839,S
G0258577.JPG,3142,2005,S
G0258577.JPG,3128,2273,R
G0258577.JPG,3054,2291,R
G0258577.JPG,3155,2597,R
G0258577.JPG,3095,2647,R
G0258577.JPG,3058,2798,R
G0258577.JPG,3056,2999,R
G0258577.JPG,3072,3138,Lobvar
G0258577.JPG,3130,3322,SP
G0258577.JPG,3108,3531,SP
G0258577.JPG,3129,3690,SP
G0258577.JPG,3024,3792,R
G0258577.JPG,3114,4084,RA
G0258577.JPG,3093,4228,Rhy
G0258577.JPG,3077,4301,RA
G0258577.JPG,3108,4609,S
G0258577.JPG,3093,4669,SP
G0258577.JPG,3068,4939,R
G0258577.JPG,3034,5074,R
G0258577.JPG,3118,5126,R
G0258577.JPG,3300,383,S
G0258577.JPG,3204,533,R
G0258577.JPG,3212,671,R
G0258577.JPG,3306,868,S
G0258577.JPG,3204,955,S
G0258577.JPG,3269,1226,S
G0258577.JPG,3222,1399,S
G0258577.JPG,3192,1543,S
G0258577.JPG,3283,1692,R
G0258577.JPG,3235,1849,R
G0258577.JPG,3305,2068,R
G0258577.JPG,3217,2177,R
G0258577.JPG,3222,2431,R
G0258577.JPG,3244,2491,R
G0258577.JPG,3203,2742,R
G0258577.JPG,3240,2827,R
G0258577.JPG,3176,3053,R
G0258577.JPG,3282,3141,S
G0258577.JPG,3304,3292,S
G0258577.JPG,3222,3556,SP
G0258577.JPG,3257,3755,Xe
G0258577.JPG,3266,3834,Xe
G0258577.JPG,3295,4003,R
G0258577.JPG,3212,4143,TA
G0258577.JPG,3183,4353,R
G0258577.JPG,3285,4620,TA
G0258577.JPG,3185,4703,R
G0258577.JPG,3311,4882,R
G0258577.JPG,3248,5066,R
G0258577.JPG,3183,5246,R
G0258577.JPG,3395,294,S
G0258577.JPG,3386,578,S
G0258577.JPG,3441,647,S
G0258577.JPG,3421,818,S
G0258577.JPG,3337,961,S
G0258577.JPG,3319,1147,S
G0258577.JPG,3428,1379,R
G0258577.JPG,3348,1611,R
G0258577.JPG,3421,1711,R
G0258577.JPG,3357,1889,S
G0258577.JPG,3345,1984,S
G0258577.JPG,3356,2140,S
G0258577.JPG,3325,2306,R
G0258577.JPG,3372,2607,R
G0258577.JPG,3367,2760,R
G0258577.JPG,3386,2912,S
G0258577.JPG,3434,3115,S
G0258577.JPG,3361,3261,S
G0258577.JPG,3333,3387,S
G0258577.JPG,3338,3525,SP
G0258577.JPG,3427,3680,R
G0258577.JPG,3330,3846,Xe
G0258577.JPG,3360,4116,TA
G0258577.JPG,3403,4127,TA
G0258577.JPG,3429,4425,RA
G0258577.JPG,3458,4489,RA
G0258577.JPG,3341,4685,R
G0258577.JPG,3387,4862,R
G0258577.JPG,3431,5075,R
G0258577.JPG,3316,5272,RA
G0258577.JPG,3589,403,R
G0258577.JPG,3524,457,S
G0258577.JPG,3586,735,S
G0258577.JPG,3566,921,Rhy
G0258577.JPG,3555,997,S
G0258577.JPG,3558,1137,R
G0258577.JPG,3492,1431,R
G0258577.JPG,3588,1577,S
G0258577.JPG,3469,1661,R
G0258577.JPG,3583,1855,R
G0258577.JPG,3460,1988,S
G0258577.JPG,3495,2236,R
G0258577.JPG,3467,2340,R
G0258577.JPG,3491,2564,R
G0258577.JPG,3602,2768,R
G0258577.JPG,3591,2795,R
G0258577.JPG,3478,3006,S
G0258577.JPG,3548,3141,S
G0258577.JPG,3506,3429,Rhy
G0258577.JPG,3549,3495,Rhy
G0258577.JPG,3464,3725,R
G0258577.JPG,3591,3797,R
G0258577.JPG,3600,4015,S
G0258577.JPG,3545,4151,Xe
G0258577.JPG,3561,4394,RA
G0258577.JPG,3604,4494,Xe
G0258577.JPG,3532,4672,Lobvar
G0258577.JPG,3575,4808,Lobvar
G0258577.JPG,3486,5102,Lobvar
G0258577.JPG,3537,5217,Lobvar
G0258577.JPG,3746,404,S
G0258577.JPG,3625,528,S
G0258577.JPG,3644,677,S
G0258577.JPG,3718,853,Rhy
G0258577.JPG,3648,1052,Rhy
G0258577.JPG,3706,1213,Rhy
G0258577.JPG,3639,1325,R
G0258577.JPG,3666,1595,S
G0258577.JPG,3738,1632,S
G0258577.JPG,3610,1864,R
G0258577.JPG,3732,2033,R
G0258577.JPG,3704,2243,R
G0258577.JPG,3726,2429,R
G0258577.JPG,3724,2524,TA
G0258577.JPG,3694,2711,R
G0258577.JPG,3619,2878,R
G0258577.JPG,3744,2990,R
G0258577.JPG,3664,3175,R
G0258577.JPG,3672,3310,S
G0258577.JPG,3654,3482,Rhy
G0258577.JPG,3668,3646,Xe
G0258577.JPG,3747,3839,R
G0258577.JPG,3747,3982,S
G0258577.JPG,3708,4146,Xe
G0258577.JPG,3657,4440,Xe
G0258577.JPG,3729,4533,Xe
G0258577.JPG,3715,4653,Xe
G0258577.JPG,3611,4883,R
G0258577.JPG,3686,4962,Xe
G0258577.JPG,3617,5123,SP
G0258577.JPG,3849,379,R
G0258577.JPG,3895,576,R
G0258577.JPG,3873,742,Rhy
G0258577.JPG,3779,814,TA
G0258577.JPG,3853,1061,R
G0258577.JPG,3885,1266,R
G0258577.JPG,3888,1417,PorB
G0258577.JPG,3806,1585,PorM
G0258577.JPG,3894,1767,R
G0258577.JPG,3809,1924,R
G0258577.JPG,3889,1985,R
G0258577.JPG,3772,2246,R
G0258577.JPG,3840,2388,R
G0258577.JPG,3822,2542,R
G0258577.JPG,3822,2662,R
G0258577.JPG,3779,2861,R
G0258577.JPG,3834,2985,R
G0258577.JPG,3760,3177,S
G0258577.JPG,3801,3321,S
G0258577.JPG,3774,3618,S
G0258577.JPG,3756,3679,R
G0258577.JPG,3896,3817,R
G0258577.JPG,3846,4119,R
G0258577.JPG,3881,4250,Xe
G0258577.JPG,3897,4339,Xe
G0258577.JPG,3790,4454,Xe
G0258577.JPG,3765,4643,Xe
G0258577.JPG,3836,4817,Xe
G0258577.JPG,3780,5098,Xe
G0258577.JPG,3754,5270,R
G0258577.JPG,4002,383,R
G0258577.JPG,3943,558,R
G0258577.JPG,3917,740,R
G0258577.JPG,4043,893,R
G0258577.JPG,4012,1059,R
G0258577.JPG,3906,1154,R
G0258577.JPG,3930,1316,R
G0258577.JPG,3982,1607,PorB
G0258577.JPG,3952,1627,PorM
G0258577.JPG,3949,1822,R
G0258577.JPG,4006,1980,Acr
G0258577.JPG,4013,2256,R
G0258577.JPG,3931,2320,R
G0258577.JPG,3968,2599,R
G0258577.JPG,4029,2756,R
G0258577.JPG,3932,2787,R
G0258577.JPG,4041,3039,S
G0258577.JPG,3911,3238,S
G0258577.JPG,3918,3294,S
G0258577.JPG,3968,3457,S
G0258577.JPG,4043,3722,R
G0258577.JPG,3900,3806,R
G0258577.JPG,3914,3969,R
G0258577.JPG,3968,4244,S
G0258577.JPG,4014,4361,Xe
G0258577.JPG,3988,4564,Xe
G0258577.JPG,3911,4771,Xe
G0258577.JPG,3963,4864,Hydro
G0258577.JPG,3968,4956,Xe
G0258577.JPG,3905,5246,S
G0258577.JPG,4077,359,S
G0258577.JPG,4072,491,S
G0258577.JPG,4142,726,S
G0258577.JPG,4102,930,S
G0258577.JPG,4179,973,R
G0258577.JPG,4053,1269,R
G0258577.JPG,4054,1404,R
G0258577.JPG,4148,1558,S
G0258577.JPG,4096,1743,R
G0258577.JPG,4075,1947,R
G0258577.JPG,4155,2036,Didae
G0258577.JPG,4127,2154,Rhy
G0258577.JPG,4156,2350,R
G0258577.JPG,4114,2584,R
G0258577.JPG,4098,2716,R
G0258577.JPG,4105,2931,S
G0258577.JPG,4089,3042,S
G0258577.JPG,4173,3122,S
G0258577.JPG,4086,3410,S
G0258577.JPG,4155,3517,S
G0258577.JPG,4104,3776,S
G0258577.JPG,4052,3896,R
G0258577.JPG,4058,4075,S
G0258577.JPG,4075,4162,S
G0258577.JPG,4094,4312,S
G0258577.JPG,4044,4510,Xe
G0258577.JPG,4132,4663,Xe
G0258577.JPG,4088,4801,Xe
G0258577.JPG,4137,5078,S
G0258577.JPG,4068,5140,R
G0258577.JPG,4299,442,R
G0258577.JPG,4290,546,R
G0258577.JPG,4335,761,S
G0258577.JPG,4250,806,S
G0258577.JPG,4330,956,R
G0258577.JPG,4218,1148,R
G0258577.JPG,4334,1408,S
G0258577.JPG,4298,1564,S
G0258577.JPG,4277,1766,R
G0258577.JPG,4306,1876,Acr
G0258577.JPG,4219,1967,R
G0258577.JPG,4194,2218,R
G0258577.JPG,4191,2424,R
G0258577.JPG,4232,2554,R
G0258577.JPG,4213,2778,S
G0258577.JPG,4248,2840,R
G0258577.JPG,4333,3112,S
G0258577.JPG,4272,3228,S
G0258577.JPG,4293,3368,S
G0258577.JPG,4275,3608,S
G0258577.JPG,4251,3647,S
G0258577.JPG,4285,3928,S
G0258577.JPG,4299,3955,Cya
G0258577.JPG,4198,4186,S
G0258577.JPG,4291,4387,S
G0258577.JPG,4230,4484,S
G0258577.JPG,4233,4774,R
G0258577.JPG,4249,4813,S
G0258577.JPG,4231,4978,S
G0258577.JPG,4197,5148,R
G0258577.JPG,4441,363,S
G0258577.JPG,4474,599,R
G0258577.JPG,4442,735,R
G0258577.JPG,4435,924,S
G0258577.JPG,4436,968,Xe
G0258577.JPG,4369,1271,R
G0258577.JPG,4350,1342,S
G0258577.JPG,4411,1613,S
G0258577.JPG,4431,1759,Acr
G0258577.JPG,4435,1902,Acr
G0258577.JPG,4365,2097,TA
G0258577.JPG,4377,2132,SC
G0258577.JPG,4449,2400,R
G0258577.JPG,4376,2579,R
G0258577.JPG,4386,2641,S
G0258577.JPG,4389,2873,R
G0258577.JPG,4477,3052,S
G0258577.JPG,4423,3211,S
G0258577.JPG,4374,3340,S
G0258577.JPG,4450,3563,SP
G0258577.JPG,4351,3641,S
G0258577.JPG,4373,3791,Cya
G0258577.JPG,4363,4032,Cya
G0258577.JPG,4449,4204,Cya
G0258577.JPG,4405,4399,Cya
G0258577.JPG,4359,4603,S
G0258577.JPG,4351,4784,R
G0258577.JPG,4474,4940,R
G0258577.JPG,4474,5022,S
G0258577.JPG,4469,5284,R
G0258577.JPG,4499,439,R
G0258577.JPG,4529,602,S
G0258577.JPG,4562,614,S
G0258577.JPG,4595,921,Xe
G0258577.JPG,4534,1031,Xe
G0258577.JPG,4487,1145,Xe
G0258577.JPG,4619,1367,S
G0258577.JPG,4616,1521,S
G0258577.JPG,4516,1775,SC
G0258577.JPG,4577,1917,PorB
G0258577.JPG,4577,1978,PorB
G0258577.JPG,4573,2140,S
G0258577.JPG,4507,2289,S
G0258577.JPG,4552,2461,R
G0258577.JPG,4620,2736,S
G0258577.JPG,4582,2922,S
G0258577.JPG,4620,2999,S
G0258577.JPG,4514,3149,S
G0258577.JPG,4598,3350,R
G0258577.JPG,4565,3579,R
G0258577.JPG,4508,3684,SP
G0258577.JPG,4559,3929,Cya
G0258577.JPG,4610,3998,SP
G0258577.JPG,4523,4195,SP
G0258577.JPG,4581,4320,Cya
G0258577.JPG,4606,4494,Xe
G0258577.JPG,4609,4706,SP
G0258577.JPG,4501,4870,S
G0258577.JPG,4521,5037,S
G0258577.JPG,4519,5191,R
